index,word,frequency
1,"nie",6332218
2,"to",4700982
3,"się",3858382
4,"na",2519514
5,"co",2149417
6,"że",2100294
7,"jest",2023735
8,"do",1747671
9,"tak",1628419
10,"jak",1277886
11,"mnie",1065417
12,"ale",1015390
13,"mi",924263
14,"za",783708
15,"ja",675544
16,"ci",655634
17,"tu",652984
18,"go",632658
19,"tego",609218
20,"tym",606894
21,"ty",601296
22,"czy",589049
23,"tylko",588777
24,"po",582253
25,"jestem",570516
26,"cię",569614
27,"ma",567307
28,"może",561335
29,"już",549631
30,"mam",546019
31,"jesteś",526905
32,"pan",482611
33,"coś",475751
34,"dla",463658
35,"wiem",461156
36,"dobrze",445470
37,"jeśli",443666
38,"od",416904
39,"teraz",415526
40,"proszę",396558
41,"tam",394069
42,"wszystko",392808
43,"masz",384384
44,"więc",383285
45,"nic",380302
46,"być",372887
47,"będzie",365191
48,"gdzie",353188
49,"są",350272
50,"on",349643
51,"mogę",343237
52,"ten",341506
53,"ciebie",319300
54,"sobie",316512
55,"wiesz",306393
56,"ze",305086
57,"bardzo",304918
58,"jej",302980
59,"kiedy",297674
60,"był",295288
61,"jeszcze",294146
62,"nas",286426
63,"chcę",285073
64,"mój",283143
65,"było",281541
66,"no",279430
67,"przez",275359
68,"by",275342
69,"pani",273782
70,"ją",272158
71,"jego",270696
72,"ich",267371
73,"dlaczego",266227
74,"chcesz",259877
75,"żeby",254798
76,"tutaj",243253
77,"mamy",242735
78,"też",240465
79,"bo",238884
80,"dobra",237752
81,"kto",234907
82,"nigdy",229917
83,"przepraszam",223935
84,"mu",223016
85,"naprawdę",215285
86,"możesz",207462
87,"chyba",205156
88,"porządku",204944
89,"dziękuję",203952
90,"muszę",197728
91,"panie",184840
92,"właśnie",184626
93,"ona",180695
94,"domu",178302
95,"zrobić",176038
96,"nawet",175506
97,"gdy",173406
98,"prawda",172956
99,"te",169082
100,"nam",169024
101,"będę",166245
102,"zawsze",161958
103,"bez",161809
104,"nim",161295
105,"je",161009
106,"była",158727
107,"jesteśmy",158063
108,"dzięki",157553
109,"tej",157189
110,"moja",156694
111,"trochę",155421
112,"ktoś",155338
113,"musisz",154581
114,"cześć",152901
115,"hej",151372
116,"lat",149030
117,"moje",148640
118,"pana",148124
119,"musimy",146524
120,"dalej",145526
121,"twój",144946
122,"wszyscy",144790
123,"czas",143941
124,"chce",142771
125,"który",142569
126,"więcej",140970
127,"tobą",140064
128,"boże",139980
129,"powiedzieć",139301
130,"sam",138760
131,"chodzi",137968
132,"czego",136467
133,"ta",135861
134,"możemy",135316
135,"albo",133176
136,"mną",131100
137,"razem",128955
138,"niech",128810
139,"dobry",128290
140,"raz",127535
141,"stało",127469
142,"was",126116
143,"czym",125583
144,"prostu",124269
145,"będziesz",124085
146,"chodź",123571
147,"czemu",120454
148,"przed",120257
149,"ludzi",119578
150,"daj",119157
151,"ludzie",119090
152,"dzień",117068
153,"przy",116691
154,"życie",115875
155,"niż",114380
156,"robisz",114125
157,"myślę",114041
158,"lepiej",113481
159,"kim",111217
160,"myślisz",109028
161,"miał",108819
162,"my",108591
163,"nikt",107112
164,"czasu",107092
165,"powiedz",106118
166,"rzeczy",105655
167,"twoja",105162
168,"tych",105075
169,"stąd",104623
170,"niego",104038
171,"mówi",103767
172,"im",103316
173,"temu",103065
174,"jeden",102804
175,"pod",102449
176,"musi",100837
177,"siebie",100307
178,"twoje",99558
179,"powiedział",99336
180,"oczywiście",99248
181,"ok",99020
182,"moim",98709
183,"oni",98518
184,"dwa",94795
185,"które",94007
186,"pewnie",93961
187,"dziś",93873
188,"kurwa",93855
189,"wie",92776
190,"taki",92569
191,"aby",91995
192,"skąd",90515
193,"cholera",90028
194,"dzieje",89707
195,"wygląda",89704
196,"wtedy",89502
197,"mojego",89020
198,"takie",88726
199,"ile",88695
200,"wszystkie",88296
201,"mieć",87462
202,"dlatego",87352
203,"znaczy",87146
204,"będziemy",87029
205,"potem",86122
206,"jasne",84529
207,"iść",84345
208,"dużo",83876
209,"cóż",83458
210,"tę",83421
211,"byłem",83335
212,"rozumiem",82629
213,"wam",82512
214,"miejsce",82432
215,"cały",82357
216,"trzeba",82238
217,"moją",82132
218,"można",81689
219,"pomóc",80551
220,"jako",79922
221,"nich",79786
222,"szybko",79546
223,"jakiś",79443
224,"mojej",79377
225,"nią",79307
226,"mają",78820
227,"wszystkich",78724
228,"jakieś",78630
229,"wiedzieć",78558
230,"swoje",78379
231,"przykro",78352
232,"stary",78129
233,"zaraz",77737
234,"myśli",77720
235,"dzieci",77591
236,"nad",77414
237,"wiele",77042
238,"kochanie",75302
239,"kilka",74526
240,"mówię",73750
241,"mówisz",72831
242,"zanim",72094
243,"miałem",71793
244,"kocham",71788
245,"świetnie",71774
246,"tobie",71674
247,"takiego",71480
248,"tyle",71437
249,"robić",71185
250,"trzy",70852
251,"idź",70488
252,"kogoś",70393
253,"ani",70236
254,"pewno",69987
255,"myślałem",69327
256,"widzisz",69094
257,"kiedyś",68686
258,"robi",68666
259,"widzę",68519
260,"jaki",68442
261,"niej",68207
262,"ojciec",68044
263,"zbyt",67856
264,"która",67646
265,"zobaczyć",66563
266,"przestań",66544
267,"sposób",66219
268,"pracy",65573
269,"dzisiaj",65527
270,"sie",65486 (sie could be a common misspelling mistake; should be się)
271,"później",65274
272,"bardziej",65265
273,"będą",65165
274,"aż",64974
275,"życia",64382
276,"jutro",63634
277,"tą",62987
278,"rację",62683
279,"żebyś",62332
280,"długo",62220
281,"tato",62103
282,"każdy",61560
283,"twoim",61526
284,"chciałem",61472
285,"dni",61268
286,"twojej",61090
287,"nadzieję",60937
288,"stanie",60903
289,"koniec",60652
290,"znam",60241
291,"mamo",59764
292,"swoją",59738
293,"problem",59637
294,"żyje",59579
295,"potrzebuję",59449
296,"widziałem",59436
297,"spokój",59126
298,"powiem",58913
299,"minut",58871
300,"broń",58600
301,"panu",57879
302,"mógł",57796
303,"nami",57733
304,"wy",57552
305,"nocy",57442
306,"wciąż",57238
307,"znowu",57223
308,"pieniądze",57097
309,"imię",56986
310,"dnia",56883
311,"zabić",56825
312,"drzwi",56742
313,"pierwszy",56721
314,"taka",56534
315,"nasz",56231
316,"posłuchaj",56210
317,"ponieważ",56040
318,"słuchaj",56016
319,"jakie",55998
320,"gdyby",55752
321,"miło",55488
322,"spójrz",55171
323,"chciałbym",54679
324,"sir",54675
325,"razie",54507
326,"nasze",54504
327,"dokładnie",54449
328,"czuję",54444
329,"zrobił",53920
330,"dobre",53780
331,"samo",53424
332,"nadal",53243
333,"człowiek",52627
334,"twoją",52602
335,"znaleźć",52411
336,"chwilę",52363
337,"chciał",52254
338,"kogo",51821
339,"zostać",51709
340,"czegoś",51618
341,"wszystkim",51565
342,"został",51434
343,"roku",51394
344,"mówić",51382
345,"jesteście",50801
346,"facet",50784
347,"mów",50557
348,"powiedziałem",50295
349,"były",50159
350,"którzy",50157
351,"dziecko",50130
352,"idziemy",49885
353,"sama",49783
354,"macie",49696
355,"mówiłem",49521
356,"we",49497
357,"napisy",49310
358,"mogą",49254
359,"spokojnie",49245
360,"sobą",49195
361,"bym",49174
362,"miała",49145
363,"przecież",48935
364,"dom",48912
365,"poza",48757
366,"zamknij",48606
367,"byłeś",48564
368,"lubię",48512
369,"oh",48490
370,"żadnych",48290
371,"pomocy",48234
372,"prawie",47866
373,"gdzieś",47792
374,"porozmawiać",47731
375,"wcześniej",47584
376,"podoba",47339
377,"zrobię",46456
378,"czekaj",46194
379,"dość",45987
380,"twojego",45986
381,"lub",45942
382,"moich",45786
383,"razy",45590
384,"znasz",45382
385,"mały",45296
386,"ciągle",45264
387,"jakby",45227
388,"wydaje",45206
389,"mama",45190
390,"powinniśmy",45112
391,"jeżeli",45091
392,"jack",44921
393,"powinieneś",44786
394,"innego",44606
395,"sprawy",44488
396,"rozumiesz",44444
397,"trzymaj",44100
398,"końcu",44071
399,"powodu",44042
400,"jedno",44003
401,"pamiętasz",43970
402,"pomysł",43864
403,"noc",43769
404,"pewien",43765
405,"którą",43203
406,"wiemy",43172
407,"bądź",43109
408,"żebym",42993
409,"numer",42928
410,"oczy",42855
411,"lata",42779
412,"dwie",42711
413,"miejscu",42552
414,"dokąd",42442
415,"och",42401
416,"pokoju",42270
417,"chodźmy",42201
418,"ojca",42157
419,"weź",41951
420,"idę",41896
421,"samochód",41771
422,"nowy",41525
423,"jednak",41449
424,"świat",41166
425,"źle",41152
426,"którego",41062
427,"niczego",41005
428,"oto",40989
429,"dwóch",40251
430,"sprawa",40016
431,"swój",39445
432,"idzie",39247
433,"takim",39137
434,"jedną",39023
435,"wystarczy",38813
436,"byłam",38771
437,"rano",38756
438,"nimi",38595
439,"halo",38409
440,"byś",38379
441,"życiu",38155
442,"całe",38154
443,"wiedziałem",38051
444,"swojego",38006
445,"śmierć",37903
446,"ręce",37889
447,"musiał",37822
448,"którym",37771
449,"całą",37763
450,"chcą",37708
451,"da",37674
452,"właściwie",37548
453,"zrób",37367
454,"panowie",37317
455,"skoro",37210
456,"drogi",37115
457,"czujesz",36990
458,"dam",36877
459,"pozwól",36877
460,"wyglądasz",36866
461,"jednego",36824
462,"jedna",36748
463,"mówił",36703
464,"których",36685
465,"świecie",36444
466,"patrz",36357
467,"nikogo",36345
468,"byli",36321
469,"pytanie",36316
470,"swoim",36189
471,"której",36035
472,"powinienem",35909
473,"jezu",35908
474,"dać",35885
475,"rzecz",35827
476,"powiedziała",35759
477,"powiedziałeś",35755
478,"najpierw",35621
479,"sądzę",35603
480,"prawo",35446
481,"matka",35379
482,"widzieć",35332
483,"John",35318 (this is not Polish given name - see Jan)
484,"dr",35200
485,"telefon",35156
486,"podczas",35051
487,"wczoraj",35027
488,"śmierci",35009
489,"pracę",34905
490,"pamiętam",34851
491,"uważaj",34830
492,"parę",34736
493,"wrócić",34703
494,"diabła",34658
495,"the",34552
496,"robię",34521
497,"zrobiłem",34469
498,"kobiety",34445
499,"poważnie",34369
500,"miejsca",34332
501,"znów",34199
502,"cholery",34197
503,"zrobiłeś",34090
504,"sprawę",34034
505,"zaczekaj",34010
506,"powiesz",33888
507,"rób",33782
508,"natychmiast",33596
509,"dziewczyna",33551
510,"również",33542
511,"działa",33525
512,"słyszałem",33493
513,"pięć",33449
514,"super",33448
515,"swoich",33399
516,"mówią",33387
517,"witam",33332
518,"całkiem",33270
519,"cokolwiek",33212
520,"witaj",33098
521,"gdybym",33091
522,"żona",32963
523,"prawdę",32928
524,"zostaw",32873
525,"bóg",32864
526,"wierzę",32849
527,"szybciej",32766
528,"nieźle",32681
529,"wielu",32661
530,"inaczej",32609
531,"gra",32569
532,"dopiero",32555
533,"wcale",32513
534,"pieniędzy",32432
535,"pójdę",32309
536,"godziny",32217
537,"wiedział",32192
538,"udało",32190
539,"człowieka",32185
540,"stać",32164
541,"wina",32155
542,"wiecie",32144
543,"swojej",32105
544,"poznać",32007
545,"inne",31916
546,"jednym",31916
547,"myślałam",31802
548,"miałam",31797
549,"chwili",31696
550,"innych",31657
551,"dopóki",31559
552,"nowa",31325
553,"kobieta",31238
554,"nowego",31217
555,"miłość",31185
556,"ziemi",31107
557,"inny",31025
558,"przynajmniej",30943
559,"nasza",30865
560,"ważne",30862
561,"wiadomość",30812
562,"dolarów",30797
563,"słowa",30777
564,"słucham",30765
565,"naszych",30712
566,"naszej",30686
567,"między",30623
568,"dostać",30606
569,"czasem",30583
570,"chciałam",30458
571,"jaką",30404
572,"gówno",30375
573,"brzmi",30345
574,"chcemy",30272
575,"każdego",30096
576,"raczej",30074
577,"możliwe",30045
578,"każdym",29992
579,"widziałeś",29988
580,"dawaj",29971
581,"nazywa",29892
582,"powinien",29838
583,"zabrać",29797
584,"dziewczyny",29790
585,"miałeś",29746
586,"chłopaki",29717
587,"doktorze",29631
588,"potrzebuje",29631
589,"zgadza",29621
590,"zrobimy",29594
591,"godzin",29468
592,"ostatni",29453
593,"wieczór",29439
594,"świata",29408
595,"serce",29364
596,"martw",29354
597,"wielki",29353
598,"powrotem",29298
599,"żyć",29283
600,"one",29217
601,"plan",29204
602,"pl",29177
603,"byłoby",29172
604,"potrzebujemy",29151
605,"dobranoc",28988
606,"żadnego",28980
607,"kapitanie",28915
608,"zobaczenia",28908
609,"możecie",28873
610,"wspaniale",28817
611,"ogóle",28779
612,"także",28691
613,"pół",28687
614,"idziesz",28570
615,"takich",28524
616,"pojęcia",28489
617,"twoich",28412
618,"czymś",28375
619,"cztery",28367
620,"skarbie",28291
621,"tata",28267
622,"naszego",28250
623,"panią",28243
624,"wybacz",28100
625,"chcecie",28034
626,"zrobisz",28032
627,"pokój",27942
628,"poczekaj",27734
629,"uda",27667
630,"głowy",27634
631,"szczęście",27621
632,"wyjść",27560
633,"robota",27521
634,"naszym",27421
635,"syn",27389
636,"gotowy",27371
637,"cieszę",27361
638,"głowę",27280
639,"rozmawiać",27266
640,"krwi",27199
641,"wszystkiego",27191
642,"zabił",27183
643,"czasie",27182
644,"ciało",27094
645,"należy",27025
646,"dziwne",26997
647,"została",26859
648,"przeciwko",26852
649,"ruszaj",26821
650,"cała",26731
651,"strony",26716
652,"jaka",26574
653,"mógłbym",26502
654,"oznacza",26433
655,"pomoc",26428
656,"taką",26420
657,"zostało",26386
658,"miasta",26369
659,"tłumaczenie",26367
660,"końca",26351
661,"zostanie",26296
662,"policja",26141
663,"mieli",26097
664,"pewna",26045
665,"obchodzi",26017
666,"ode",26001
667,"syna",25923
668,"czasami",25817
669,"twarz",25773
670,"rok",25639
671,"mieliśmy",25523
672,"lecz",25481
673,"ostatnio",25461
674,"uwierzyć",25453
675,"daleko",25423
676,"rodziny",25406
677,"mogłem",25404
678,"lubisz",25357
679,"blisko",25316
680,"zły",25310
681,"środku",25242
682,"boga",25241
683,"byliśmy",25218
684,"drodze",25211
685,"szkoły",25209
686,"czeka",25201
687,"słowo",25132
688,"radę",24920
689,"człowiekiem",24919
690,"mogła",24907
691,"brat",24899
692,"mała",24864
693,"krew",24846
694,"najbardziej",24791
695,"wejść",24785
696,"zewnątrz",24588
697,"mąż",24568
698,"robimy",24546
699,"słyszysz",24441
700,"kimś",24431
701,"część",24395
702,"wieczorem",24350
703,"widziałam",24317
704,"zna",24311
705,"wody",24263
706,"moi",24234
707,"potrzebujesz",24207
708,"lubi",24169
709,"wracaj",24102
710,"rękę",24023
711,"tydzień",23987
712,"frank",23982
713,"wrócę",23949
714,"innym",23927
715,"wypadek",23897
716,"mówiłeś",23861
717,"stronie",23851
718,"mógłbyś",23803
719,"sprawie",23779
720,"zobaczymy",23740
721,"wziąć",23664
722,"gdybyś",23657
723,"naszą",23601
724,"nazywam",23587
725,"późno",23578
726,"zależy",23448
727,"człowieku",23435
728,"góry",23403
729,"pomóż",23348
730,"jechać",23331
731,"pokaż",23278
732,"ciężko",23252
733,"napisów",23180
734,"serio",23122
735,"roboty",23100
736,"zrobi",22949
737,"mniej",22858
738,"broni",22846
739,"kiedykolwiek",22809
740,"temat",22767
741,"mało",22758
742,"popatrz",22689
743,"charlie",22667
744,"prawa",22627
745,"miesięcy",22604
746,"pójść",22597
747,"koleś",22575
748,"jedziemy",22552
749,"wkrótce",22515
750,"nowe",22493
751,"pierwsze",22435
752,"nazwisko",22435
753,"miasto",22429
754,"racja",22411
755,"leci",22409
756,"zostań",22338
757,"stronę",22319
758,"nieważne",22307
759,"chciała",22283
760,"chłopak",22277
761,"zdjęcia",22145
762,"znalazłem",22127
763,"powinno",22119
764,"robią",22114
765,"powinnaś",22100
766,"statek",22082
767,"zostały",22043
768,"wszędzie",22039
769,"prosto",22000
770,"wielkie",21963
771,"dół",21960
772,"zupełnie",21921
773,"tędy",21870
774,"spotkanie",21868
775,"małe",21789
776,"ponad",21715
777,"według",21683
778,"widział",21679
779,"mówiąc",21670
780,"drogę",21669
781,"doktor",21645
782,"praca",21644
783,"drugi",21632
784,"byłaś",21546
785,"górę",21507
786,"wiedzą",21504
787,"mieście",21496
788,"jakoś",21492
789,"film",21489
790,"czyli",21453
791,"chociaż",21389
792,"kłopoty",21376
793,"droga",21338
794,"samochodu",21301
795,"szansę",21294
796,"zatrzymać",21290
797,"niemożliwe",21244
798,"spać",21235
799,"chłopcy",21208
800,"mógłby",21175
801,"wasza",21159
802,"sądzisz",21153
803,"przyjaciel",21119
804,"michael",21102
805,"tymi",21099
806,"złe",21079
807,"mogli",20933
808,"synu",20891
809,"powiedziałam",20832
810,"szkoda",20706
811,"całym",20702
812,"żaden",20625
813,"taa",20625
814,"trzech",20525
815,"wami",20517
816,"pracuje",20465
817,"faceta",20464
818,"sprawdzić",20375
819,"pogadać",20359
820,"serca",20341
821,"you",20326
822,"kraju",20288
823,"dał",20269
824,"trudno",20265
825,"drugiej",20237
826,"zaczyna",20197
827,"brak",20157
828,"choć",20152
829,"powinnam",20132
830,"ruszać",20126
831,"chciałabym",20099
832,"cicho",20099
833,"samego",20075
834,"dziewczynę",20062
835,"godzinę",20018
836,"piękna",19954
837,"jakąś",19935
838,"tom",19926
839,"www",19870
840,"widzenia",19865
841,"spotkać",19848
842,"pracować",19835
843,"żadnej",19786
844,"pa",19752
845,"spróbuj",19726
846,"znać",19692
847,"ciała",19687
848,"przyjaciół",19684
849,"razu",19655
850,"zapomnij",19631
851,"harry",19610
852,"najlepszy",19596
853,"ostatnie",19567
854,"policji",19566
855,"otwórz",19539
856,"problemy",19509
857,"ojcem",19467
858,"przykład",19430
859,"myśleć",19409
860,"głupi",19333
861,"wolno",19326
862,"słyszałeś",19305
863,"powodzenia",19300
864,"rodzina",19280
865,"pomoże",19280
866,"kilku",19257
867,"uwagę",19239
868,"muszą",19235
869,"chwila",19217
870,"jakaś",19213
871,"zdjęcie",19119
872,"środka",19118
873,"nowym",19109
874,"szefie",19105
875,"odejść",19063
876,"wspólnego",19059
877,"musiałem",19029
878,"sami",19019
879,"ziemię",19017
880,"dawno",18961
881,"będziecie",18923
882,"trzymać",18902
883,"pracuję",18892
884,"pewnego",18890
885,"inni",18867
886,"gotowi",18855
887,"sześć",18790
888,"głowie",18786
889,"zabierz",18784
890,"sekund",18739
891,"zmienić",18731
892,"zabiję",18728
893,"czekać",18714
894,"gość",18695
895,"walczyć",18692
896,"chwileczkę",18643
897,"wystarczająco",18597
898,"musicie",18591
899,"dasz",18571
900,"tysięcy",18517
901,"pierwsza",18503
902,"zadzwonić",18482
903,"rady",18475
904,"prawdopodobnie",18465
905,"zostawić",18440
906,"niestety",18436
907,"zobacz",18426
908,"nagle",18421
909,"wezmę",18393
910,"zabawne",18389
911,"żonę",18380
912,"panem",18378
913,"większość",18299
914,"wracam",18253
915,"joe",18195
916,"wiedziałam",18175
917,"brata",18136
918,"często",18084
919,"powie",18065
920,"dobrym",18047
921,"tyłu",18043
922,"błąd",17999
923,"boję",17991
924,"cel",17987
925,"rany",17953
926,"mówiłam",17936
927,"wasze",17906
928,"niczym",17894
929,"obiecuję",17890
930,"początku",17885
931,"historia",17877
932,"chciałeś",17857
933,"uwaga",17801
934,"gotowa",17796
935,"zacząć",17781
936,"zatem",17741
937,"tony",17715
938,"istnieje",17686
939,"jednej",17667
940,"pokazać",17651
941,"nikomu",17636
942,"jakim",17609
943,"rodzice",17594
944,"okay",17588
945,"szkole",17587
946,"czuje",17557
947,"los",17499
948,"george",17485
949,"david",17481
950,"obok",17478
951,"uspokój",17472
952,"chodźcie",17463
953,"miało",17452
954,"całkowicie",17437
955,"stój",17426
956,"wiadomości",17399
957,"pomyślałem",17374
958,"nogi",17348
959,"org",17336
960,"ulicy",17330
961,"matki",17330
962,"fbi",17320
963,"jedź",17285
964,"wojny",17263
965,"ciągu",17261
966,"okazji",17257
967,"zadzwonię",17255
968,"około",17208
969,"ojcze",17201
970,"samym",17179
971,"uważam",17176
972,"miłości",17169
973,"mike",17160
974,"przyszedł",17141
975,"tygodniu",17136
976,"prawdziwe",17128
977,"zadzwoń",17127
978,"widać",17122
979,"myśl",17121
980,"pozwolić",17119
981,"słyszę",17112
982,"wracać",17110
983,"dajcie",17109
984,"historii",17096
985,"http",17073
986,"zajmę",17013
987,"wieku",17011
988,"jedynie",17011
989,"zamiast",16965
990,"jakiegoś",16951
991,"umrzeć",16915
992,"wróci",16909
993,"przyjdzie",16863
994,"łatwo",16857
995,"siostra",16854
996,"oraz",16853
997,"prawdziwy",16842
998,"czyż",16835
999,"następny",16712
1000,"proste",16711
1001,"rodzinę",16702
1002,"uważasz",16699
1003,"córka",16684
1004,"piękne",16637
1005,"dłużej",16597
1006,"mężczyzna",16582
1007,"przyjacielem",16549
1008,"chryste",16512
1009,"niedługo",16453
1010,"tyłek",16446
1011,"złego",16292
1012,"james",16282
1013,"kupić",16271
1014,"takiej",16238
1015,"póki",16222
1016,"osób",16220
1017,"powiedziałaś",16213
1018,"pytania",16192
1019,"niby",16184
1020,"włosy",16182
1021,"nienawidzę",16181
1022,"boli",16116
1023,"moment",16115
1024,"wrócił",16080
1025,"znajdę",16076
1026,"przysięgam",16072
1027,"stan",16063
1028,"strasznie",16055
1029,"potrafię",16019
1030,"daje",16009
1031,"zrobiła",15888
1032,"spokoju",15874
1033,"ben",15874
1034,"spróbować",15849
1035,"męża",15848
1036,"górze",15840
1037,"wyboru",15834
1038,"szukam",15777
1039,"mówiła",15774
1040,"kobietą",15755
1041,"dowiedzieć",15671
1042,"znaleźliśmy",15638
1043,"żartujesz",15635
1044,"and",15599
1045,"znajdziemy",15592
1046,"bracie",15591
1047,"mieszka",15584
1048,"najlepiej",15577
1049,"najlepsze",15542
1050,"przyjaciele",15540
1051,"kapitan",15532
1052,"dziewczyną",15500
1053,"wstawaj",15500
1054,"dziecka",15478
1055,"uwielbiam",15414
1056,"następnym",15380
1057,"zła",15351
1058,"ludźmi",15295
1059,"kocha",15287
1060,"zatrzymaj",15281
1061,"twarzy",15269
1062,"tygodnie",15262
1063,"ludziom",15253
1064,"robił",15245
1065,"światło",15230
1066,"jorku",15223
1067,"milionów",15216
1068,"kochasz",15216
1069,"zwykle",15208
1070,"rozkaz",15194
1071,"odpowiedź",15160
1072,"znalazł",15148
1073,"niezły",15146
1074,"nigdzie",15094
1075,"oboje",15069
1076,"odkąd",15064
1077,"ponownie",15029
1078,"same",15018
1079,"walki",14990
1080,"głos",14980
1081,"duży",14941
1082,"uciec",14931
1083,"zająć",14928
1084,"pewnością",14921
1085,"widzi",14905
1086,"szpitala",14893
1087,"mogłeś",14893
1088,"bogu",14882
1089,"samolot",14846
1090,"powód",14842
1091,"panno",14835
1092,"centrum",14809
1093,"świetny",14805
1094,"żony",14800
1095,"młody",14771
1096,"tacy",14770
1097,"stoi",14765
1098,"wreszcie",14750
1099,"hotelu",14719
1100,"wielka",14699
1101,"zobaczysz",14659
1102,"mimo",14634
1103,"jakiego",14631
1104,"seks",14610
1105,"próbuję",14577
1106,"dostaniesz",14577
1107,"obawiam",14565
1108,"interes",14544
1109,"ogień",14535
1110,"reszta",14525
1111,"pasuje",14524
1112,"wasz",14517
1113,"niektórzy",14516
1114,"powinna",14513
1115,"sen",14493
1116,"grać",14468
1117,"wojna",14456
1118,"dostał",14452
1119,"mocy",14446
1120,"moglibyśmy",14412
1121,"potrafi",14389
1122,"pamiętaj",14384
1123,"uciekaj",14368
1124,"słychać",14348
1125,"samej",14340
1126,"gościa",14332
1127,"ból",14330
1128,"znaczenia",14329
1129,"kolację",14319
1130,"robotę",14310
1131,"patrzcie",14306
1132,"zrobiłam",14293
1133,"stamtąd",14290
1134,"uważa",14280
1135,"przestać",14272
1136,"każdej",14249
1137,"zrozumieć",14244
1138,"szczerze",14226
1139,"zabije",14214
1140,"wspaniałe",14213
1141,"powstrzymać",14203
1142,"resztę",14187
1143,"fajnie",14186
1144,"łóżka",14141
1145,"śmieszne",14129
1146,"przyjacielu",14125
1147,"pewne",14118
1148,"tygodni",14117
1149,"pies",14106
1150,"celu",14100
1151,"przyszłość",14082
1152,"jedzenie",14082
1153,"twoi",14062
1154,"system",14055
1155,"nieprawda",14044
1156,"poszedł",14025
1157,"gotowe",14010
1158,"martwy",13989
1159,"musieli",13982
1160,"otworzyć",13972
1161,"pokażę",13960
1162,"biura",13918
1163,"dzieckiem",13915
1164,"przyjaciółmi",13908
1165,"facetem",13899
1166,"mocno",13894
1167,"pytań",13888
1168,"zamierzam",13881
1169,"puść",13878
1170,"kobietę",13850
1171,"siły",13840
1172,"kolejny",13828
1173,"części",13827
1174,"minuty",13825
1175,"ciekawe",13799
1176,"słyszałam",13789
1177,"jaja",13783
1178,"sprawdź",13753
1179,"moc",13748
1180,"chłopcze",13722
1181,"dosyć",13720
1182,"małą",13709
1183,"zobaczę",13705
1184,"żoną",13686
1185,"przyjaciela",13683
1186,"pewny",13665
1187,"ależ",13631
1188,"siadaj",13629
1189,"dobrego",13624
1190,"jadę",13603
1191,"osobą",13584
1192,"szef",13577
1193,"musiała",13576
1194,"filmu",13564
1195,"pójdziesz",13556
1196,"informacje",13548
1197,"bob",13539
1198,"lepsze",13537
1199,"przyjść",13523
1200,"szansa",13517
1201,"niesamowite",13514
1202,"wierzysz",13505
1203,"wspaniały",13469
1204,"prezent",13455
1205,"robicie",13447
1206,"hey",13446
1207,"jimmy",13414
1208,"żebyśmy",13408
1209,"dostałem",13390
1210,"paul",13389
1211,"sporo",13366
1212,"słuchać",13351
1213,"klucz",13330
1214,"usiądź",13323
1215,"list",13310
1216,"wieści",13309
1217,"miły",13304
1218,"policję",13301
1219,"zamiar",13284
1220,"zrozumiałem",13273
1221,"piękny",13261
1222,"jedyną",13243
1223,"lepszy",13238
1224,"kobiet",13222
1225,"statku",13207
1226,"alex",13206
1227,"światła",13203
1228,"psa",13156
1229,"witamy",13141
1230,"pójdziemy",13137
1231,"pomogę",13127
1232,"duże",13102
1233,"mary",13087
1234,"miesiąc",13082
1235,"szczęśliwy",13071
1236,"oko",13061
1237,"ładnie",13052
1238,"sensu",13049
1239,"całej",13049
1240,"więzienia",13047
1241,"przygotować",13030
1242,"podobno",13027
1243,"nową",13027
1244,"jedyny",13021
1245,"jakbym",13021
1246,"przejść",12995
1247,"potrzeba",12969
1248,"pójdzie",12961
1249,"pierwszym",12957
1250,"coraz",12957
1251,"drugie",12955
1252,"miałaś",12952
1253,"ktokolwiek",12947
1254,"boisz",12939
1255,"skończy",12937
1256,"mnóstwo",12930
1257,"bierz",12896
1258,"chcieli",12895
1259,"trudne",12875
1260,"peter",12856
1261,"nazywasz",12847
1262,"szukać",12840
1263,"dole",12839
1264,"chodziło",12836
1265,"potrafisz",12812
1266,"zapytać",12780
1267,"spotkamy",12769
1268,"wiedziałeś",12739
1269,"sytuacji",12706
1270,"max",12698
1271,"poproszę",12696
1272,"dziesięć",12687
1273,"ostatnia",12686
1274,"załatwić",12678
1275,"poszło",12677
1276,"buty",12675
1277,"podaj",12672
1278,"zabiłeś",12668
1279,"zajmie",12651
1280,"jazda",12646
1281,"zasady",12623
1282,"widziałaś",12614
1283,"książki",12607
1284,"koło",12603
1285,"pozwolę",12602
1286,"ostrożnie",12583
1287,"byłby",12534
1288,"wielkiego",12533
1289,"pracujesz",12532
1290,"zamknąć",12523
1291,"znajdź",12502
1292,"usłyszeć",12494
1293,"wybór",12494
1294,"bezpieczeństwa",12478
1295,"wejdź",12465
1296,"gry",12464
1297,"la",12458
1298,"słuchajcie",12457
1299,"zrobiłaś",12451
1300,"prosić",12417
1301,"odpowiedzi",12396
1302,"dobrą",12394
1303,"stara",12384
1304,"gotów",12376
1305,"obiad",12365
1306,"pięknie",12360
1307,"brakuje",12360
1308,"mowy",12357
1309,"jedyne",12356
1310,"zaczął",12354
1311,"drugą",12347
1312,"ognia",12335
1313,"pomyśl",12326
1314,"drinka",12326
1315,"własne",12306
1316,"atak",12305
1317,"prezydent",12304
1318,"prowadzi",12259
1319,"cie",12257
1320,"powoli",12254
1321,"jake",12253
1322,"korekta",12247
1323,"pomiędzy",12196
1324,"zginął",12187
1325,"osoby",12177
1326,"wersji",12168
1327,"zjeść",12166
1328,"martwić",12147
1329,"osoba",12143
1330,"chłopiec",12135
1331,"skończyć",12127
1332,"spoko",12118
1333,"próbował",12116
1334,"mogłam",12115
1335,"kraj",12115
1336,"jakbyś",12114
1337,"znak",12093
1338,"doskonale",12057
1339,"jedynym",12055
1340,"związek",12042
1341,"wolę",12042
1342,"znajdzie",12034
1343,"komuś",12031
1344,"zrobili",12027
1345,"król",12021
1346,"próbowałem",12001
1347,"pieprzony",11997
1348,"wypadku",11992
1349,"jedyna",11978
1350,"generale",11977
1351,"wolny",11968
1352,"woda",11956
1353,"powiedzieli",11956
1354,"rodziców",11953
1355,"dzieciaki",11948
1356,"patrzeć",11921
1357,"miłe",11909
1358,"przyjęcie",11899
1359,"agent",11899
1360,"zadanie",11861
1361,"rodzaju",11855
1362,"lewo",11854
1363,"ach",11850
1364,"siedem",11838
1365,"wysokość",11814
1366,"specjalnie",11811
1367,"szpitalu",11786
1368,"dane",11784
1369,"dzieciak",11782
1370,"zdanie",11764
1371,"me",11762
1372,"jeść",11759
1373,"uratować",11757
1374,"mózgu",11748
1375,"niezła",11736
1376,"wiedziała",11719
1377,"piwo",11682
1378,"sierżancie",11677
1379,"przyszedłem",11669
1380,"samochodzie",11660
1381,"staram",11659
1382,"stylu",11652
1383,"całego",11640
1384,"pora",11606
1385,"kawę",11600
1386,"znajdziesz",11564
1387,"sygnał",11563
1388,"gorzej",11552
1389,"grupa",11552
1390,"zniszczyć",11536
1391,"osobiście",11535
1392,"kolego",11535
1393,"żyjesz",11533
1394,"matką",11530
1395,"ślub",11529
1396,"miesiące",11526
1397,"dupę",11503
1398,"strzelać",11501
1399,"oddaj",11488
1400,"chory",11487
1401,"umarł",11476
1402,"jakimś",11467
1403,"wielkim",11458
1404,"zaczynamy",11452
1405,"Rachel",11451
1406,"częścią",11431
1407,"dowód",11421
1408,"program",11404
1409,"owszem",11403
1410,"myślą",11391
1411,"rzuć",11383
1412,"próbuje",11368
1413,"mogło",11367
1414,"spraw",11365
1415,"wychodzi",11365
1416,"chciałbyś",11357
1417,"budynku",11350
1418,"martwi",11334
1419,"niezłe",11333
1420,"kawałek",11329
1421,"uh",11324
1422,"wiadomo",11321
1423,"wokół",11315
1424,"głupie",11313
1425,"pułkowniku",11302
1426,"plany",11274
1427,"firmy",11270
1428,"naprzód",11251
1429,"odejdź",11248
1430,"nauczyć",11217
1431,"znamy",11212
1432,"historię",11202
1433,"telefonu",11201
1434,"więzieniu",11201
1435,"wcześnie",11195
1436,"jakiej",11188
1437,"metrów",11174
1438,"jedzie",11170
1439,"związku",11150
1440,"wyglądam",11145
1441,"danny",11142
1442,"ostatniej",11141
1443,"potrzebował",11138
1444,"jim",11137
1445,"początek",11125
1446,"najlepszym",11122
1447,"zajęty",11116
1448,"książkę",11105
1449,"każda",11097
1450,"pierwszej",11086
1451,"uczucie",11061
1452,"potrzebny",11058
1453,"henry",11049
1454,"odłóż",11042
1455,"bill",11037
1456,"lekarza",11034
1457,"wyjaśnić",11024
1458,"tuż",11012
1459,"oprócz",11003
1460,"wśród",11001
1461,"wielką",10998
1462,"przyszłości",10981
1463,"córkę",10979
1464,"złapać",10974
1465,"samą",10973
1466,"ilu",10972
1467,"wojnę",10925
1468,"miłego",10924
1469,"nieco",10899
1470,"straszne",10895
1471,"żyją",10888
1472,"adres",10880
1473,"druga",10876
1474,"gości",10876
1475,"siedzieć",10873
1476,"zdobyć",10856
1477,"kate",10851
1478,"rząd",10842
1479,"informacji",10842
1480,"kawy",10805
1481,"zdaje",10804
1482,"idźcie",10802
1483,"łóżku",10797
1484,"chłopaka",10793
1485,"wyprawiasz",10777
1486,"przysługę",10774
1487,"abyś",10771
1488,"ruch",10756
1489,"damy",10755
1490,"gratulacje",10744
1491,"zostanę",10737
1492,"gliny",10728
1493,"biurze",10727
1494,"prawdziwa",10726
1495,"zabij",10724
1496,"sądzie",10718
1497,"zamierzasz",10706
1498,"wierzyć",10685
1499,"zapomniałem",10678
1500,"matkę",10675
1501,"zostawił",10660
1502,"życiem",10654
1503,"swego",10643
1504,"dziękujemy",10639
1505,"info",10636
1506,"znalazłeś",10625
1507,"stał",10614
1508,"wyjścia",10614
1509,"ciąży",10603
1510,"osiem",10586
1511,"pracował",10584
1512,"chwilkę",10548
1513,"byśmy",10529
1514,"zimno",10506
1515,"raport",10502
1516,"leży",10498
1517,"godzina",10498
1518,"kończy",10496
1519,"wyjdzie",10483
1520,"wodę",10480
1521,"imieniu",10480
1522,"użyć",10448
1523,"weekend",10446
1524,"nasi",10446
1525,"kontakt",10427
1526,"san",10426
1527,"kości",10425
1528,"pobliżu",10422
1529,"zostaniesz",10422
1530,"nick",10405
1531,"chronić",10387
1532,"ray",10383
1533,"błagam",10374
1534,"świetna",10371
1535,"zostałem",10362
1536,"najwyraźniej",10354
1537,"codziennie",10351
1538,"poczekać",10339
1539,"telewizji",10316
1540,"usiąść",10310
1541,"morderstwo",10305
1542,"zabrał",10299
1543,"chętnie",10296
1544,"pieprzyć",10287
1545,"angeles",10285
1546,"szuka",10284
1547,"zabiłem",10279
1548,"okno",10278
1549,"różne",10273
1550,"problemu",10270
1551,"własną",10262
1552,"podać",10252
1553,"założę",10242
1554,"podróż",10238
1555,"dałem",10232
1556,"boską",10224
1557,"kolej",10217
1558,"laboratorium",10213
1559,"cudownie",10210
1560,"powiedzenia",10201
1561,"mieszkanie",10193
1562,"rozumie",10190
1563,"urodziny",10174
1564,"ochotę",10174
1565,"zapomnieć",10149
1566,"zespół",10130
1567,"billy",10125
1568,"króla",10124
1569,"wrócisz",10120
1570,"wizja",10109
1571,"przynieś",10087
1572,"pierwszą",10084
1573,"spójrzcie",10078
1574,"święta",10076
1575,"badania",10075
1576,"zobaczmy",10048
1577,"świetne",10038
1578,"wóz",10034
1579,"USA",10029
1580,"dolców",10024
1581,"wrażenie",10021
1582,"głowa",10012
1583,"ślady",10009
1584,"siostry",10008
1585,"dawna",10001
1586,"dumny",9997
1587,"widzicie",9986
1588,"Johnny",9983
1589,"komu",9977
1590,"will",9937
1591,"najlepszego",9923
1592,"lecieć",9922
1593,"wysoki",9906
1594,"przestańcie",9899
1595,"Chris",9896
1596,"linii",9896
1597,"niewiele",9888
1598,"bobby",9874
1599,"mogłabym",9871
1600,"latach",9870
1601,"umiesz",9852
1602,"fakt",9852
1603,"wyszedł",9851
1604,"śniadanie",9850
1605,"poruczniku",9833
1606,"jedzenia",9832
1607,"mogłabyś",9830
1608,"odbiór",9830
1609,"liczy",9828
1610,"bliżej",9827
1611,"odebrać",9821
1612,"innymi",9798
1613,"wynoś",9795
1614,"przeciw",9793
1615,"karty",9788
1616,"eddie",9787
1617,"oddać",9786
1618,"mistrzu",9744
1619,"zróbmy",9737
1620,"wydostać",9733
1621,"znalazłam",9731
1622,"spojrzeć",9730
1623,"znaleźli",9723
1624,"szukasz",9716
1625,"dave",9709
1626,"szczęścia",9709
1627,"pański",9704
1628,"czekam",9690
1629,"pistolet",9673
1630,"synem",9659
1631,"wiary",9655
1632,"opuścić",9653
1633,"obraz",9647
1634,"straciłem",9647
1635,"lekarz",9646
1636,"dostanę",9645
1637,"wziął",9643
1638,"zgadzam",9641
1639,"zaufaj",9628
1640,"chodzić",9627
1641,"szczęśliwa",9625
1642,"miałbym",9622
1643,"mówiłaś",9619
1644,"możliwości",9605
1645,"przyjemność",9604
1646,"wow",9600
1647,"rana",9595
1648,"przyznać",9593
1649,"każdą",9592
1650,"dala",9590
1651,"wybaczyć",9588
1652,"siedzi",9586
1653,"ofiary",9572
1654,"słońce",9563
1655,"sytuacja",9560
1656,"twierdzi",9556
1657,"dowody",9554
1658,"wyjście",9549
1659,"przede",9548
1660,"chciałby",9533
1661,"faceci",9520
1662,"otwarte",9519
1663,"yeah",9519
1664,"zapłacić",9509
1665,"młoda",9508
1666,"czarny",9501
1667,"tysiące",9500
1668,"spodoba",9481
1669,"ładna",9474
1670,"zwłaszcza",9470
1671,"de",9457
1672,"obaj",9456
1673,"zgodnie",9452
1674,"brać",9441
1675,"zeszłym",9434
1676,"udział",9430
1677,"mecz",9428
1678,"zostaje",9423
1679,"kuchni",9407
1680,"nowych",9396
1681,"zabawy",9395
1682,"dostanie",9390
1683,"banku",9386
1684,"subedit",9383
1685,"trzyma",9373
1686,"jane",9370
1687,"jasna",9368
1688,"mężczyzn",9349
1689,"zgoda",9349
1690,"drugim",9337
1691,"nikim",9333
1692,"kochać",9330
1693,"juz",9320
1694,"mówimy",9319
1695,"nr",9296
1696,"dwoje",9293
1697,"córki",9288
1698,"pozbyć",9286
1699,"małego",9285
1700,"stare",9285
1701,"krok",9282
1702,"kasę",9274
1703,"pierwszego",9268
1704,"dna",9253
1705,"żegnaj",9252
1706,"umiem",9250
1707,"kod",9250
1708,"dzwonił",9250
1709,"lee",9241
1710,"zabawa",9225
1711,"dziwnie",9224
1712,"przychodzi",9222
1713,"szefem",9213
1714,"uciekać",9213
1715,"listy",9212
1716,"bank",9207
1717,"wyjdź",9206
1718,"biuro",9201
1719,"zacznie",9201
1720,"myślałeś",9195
1721,"wobec",9191
1722,"głodny",9178
1723,"niebezpieczne",9177
1724,"rodziną",9173
1725,"moimi",9168
1726,"okej",9168
1727,"akcji",9166
1728,"panna",9162
1729,"pobrane",9156
1730,"teren",9147
1731,"towar",9146
1732,"rozkazy",9132
1733,"kazał",9119
1734,"łódź",9119
1735,"Sarah",9113
1736,"głupia",9111
1737,"Tommy",9107
1738,"ostatnim",9106
1739,"kolejne",9106
1740,"dziewczynka",9105
1741,"dupy",9101
1742,"prezydenta",9092
1743,"powinni",9089
1744,"mózg",9088
1745,"powietrze",9086
1746,"naprawić",9074
1747,"umrze",9071
1748,"poziom",9071
1749,"lunch",9067
1750,"ładne",9059
1751,"muzyka",9057
1752,"pierdol",9053
1753,"inną",9039
1754,"biały",9037
1755,"kierunku",9033
1756,"akurat",9023
1757,"biorę",9020
1758,"wraca",9016
1759,"żart",9006
1760,"nazwiska",9005
1761,"poradzę",9005
1762,"ataku",8997
1763,"wyglądają",8996
1764,"dotykaj",8986
1765,"zdrowie",8951
1766,"zbrodni",8940
1767,"idą",8940
1768,"Richard",8935
1769,"mil",8934
1770,"słów",8929
1771,"szalony",8929
1772,"rzeczywiście",8923
1773,"prawdy",8921
1774,"niespodzianka",8898
1775,"rozmawiałem",8887
1776,"działać",8874
1777,"km",8870
1778,"widok",8859
1779,"przodu",8857
1780,"szukamy",8843
1781,"mężczyzną",8843
1782,"dobrej",8836
1783,"of",8835
1784,"dziękuje",8830
1785,"usta",8827
1786,"grę",8826
1787,"ostatnią",8825
1788,"wrócimy",8824
1789,"rodzinie",8812
1790,"ochrony",8793
1791,"spadaj",8793
1792,"daję",8783
1793,"wewnątrz",8777
1794,"ej",8775
1795,"Claire",8770
1796,"pięciu",8769
1797,"rozmawialiśmy",8757
1798,"pomożesz",8755
1799,"test",8754
1800,"słońca",8736
1801,"xvid",8729
1802,"uwagi",8727
1803,"Andy",8712
1804,"zmieni",8708
1805,"pomyślałam",8704
1806,"przyszła",8691
1807,"strach",8690
1808,"zrobiliśmy",8684
1809,"rozmowę",8684
1810,"liście",8681
1811,"lekarzem",8678
1812,"forsę",8668
1813,"in",8664
1814,"wracamy",8663
1815,"bronią",8662
1816,"zaczęło",8656
1817,"wsiadaj",8652
1818,"dupek",8643
1819,"sprawia",8636
1820,"it",8635
1821,"interesuje",8629
1822,"stracić",8622
1823,"powiedzmy",8620
1824,"chłopca",8611
1825,"szkodzi",8606
1826,"potrzebne",8592
1827,"zmienia",8590
1828,"pociąg",8590
1829,"państwo",8580
1830,"dniu",8577
1831,"przypadek",8573
1832,"zaczynam",8565
1833,"najlepsza",8563
1834,"skończyłem",8561
1835,"odzyskać",8560
1836,"czuć",8558
1837,"milion",8551
1838,"problemów",8539
1839,"rękach",8532
1840,"poszła",8528
1841,"wspaniała",8520
1842,"umiera",8509
1843,"zamknięte",8495
1844,"myślicie",8495
1845,"ładny",8490
1846,"alarm",8487
1847,"żył",8486
1848,"rodzaj",8472
1849,"znaczyć",8465
1850,"wysłać",8457
1851,"momencie",8452
1852,"pory",8449
1853,"przypadku",8447
1854,"wybrać",8443
1855,"wynocha",8435
1856,"własnej",8422
1857,"iż",8421
1858,"rozmowy",8418
1859,"abym",8416
1860,"operacji",8412
1861,"jedziesz",8404
1862,"gadać",8402
1863,"jakość",8401
1864,"kotku",8394
1865,"dupku",8392
1866,"facetów",8386
1867,"czekajcie",8383
1868,"biegnij",8379
1869,"obu",8375
1870,"decyzję",8372
1871,"waszej",8367
1872,"steve",8360
1873,"drugiego",8359
1874,"szaleństwo",8357
1875,"Jerry",8352
1876,"język",8347
1877,"lubią",8341
1878,"obudź",8335
1879,"gówna",8335
1880,"wygrać",8334
1881,"spróbuję",8330
1882,"przyszedłeś",8326
1883,"wiec",8308
1884,"leo",8300
1885,"względu",8288
1886,"odnaleźć",8287
1887,"układ",8268
1888,"sens",8268
1889,"psy",8268
1890,"oczach",8265
1891,"śmiercią",8265
1892,"uciekł",8258
1893,"zaufać",8251
1894,"czasy",8246
1895,"ruszamy",8241
1896,"zabiorę",8239
1897,"bycie",8233
1898,"interesy",8225
1899,"oczu",8222
1900,"szans",8216
1901,"nazywają",8214
1902,"wyniki",8214
1903,"miliony",8212
1904,"miła",8209
1905,"wątpię",8202
1906,"nieba",8187
1907,"inna",8185
1908,"sukinsyn",8184
1909,"południe",8183
1910,"armii",8183
1911,"bawić",8182
1912,"zazwyczaj",8176
1913,"wydarzyło",8173
1914,"punkt",8169
1915,"dostałeś",8163
1916,"pozwoli",8157
1917,"następnego",8157
1918,"zdecydowanie",8148
1919,"mówili",8147
1920,"prowadzić",8147
1921,"stop",8146
1922,"oglądać",8145
1923,"woli",8133
1924,"kłopotów",8132
1925,"ziemia",8129
1926,"innej",8123
1927,"dziećmi",8123
1928,"sto",8121
1929,"indziej",8121
1930,"bratem",8115
1931,"daleka",8107
1932,"szanse",8104
1933,"dzwoni",8099
1934,"widzieliśmy",8095
1935,"van",8094
1936,"budynek",8090
1937,"synchro",8084
1938,"bierze",8084
1939,"warto",8081
1940,"musze",8075
1941,"umysł",8067
1942,"mego",8056
1943,"detektyw",8053
1944,"każde",8049
1945,"konia",8047
1946,"zmiany",8046
1947,"różnica",8046
1948,"robiłem",8044
1949,"długi",8036
1950,"listę",8033
1951,"hmm",8027
1952,"duża",8025
1953,"pomaga",8018
1954,"własnego",8013
1955,"musiałam",8009
1956,"wujek",8000
1957,"nóż",7986
1958,"żadna",7986
1959,"państwa",7983
1960,"niektóre",7979
1961,"podziękować",7975
1962,"nadchodzi",7972
1963,"żyję",7967
1964,"tamtej",7966
1965,"zostali",7963
1966,"cholernie",7960
1967,"larry",7954
1968,"radio",7949
1969,"bólu",7944
1970,"ha",7944
1971,"walka",7939
1972,"zabierzcie",7934
1973,"zniknął",7918
1974,"wiedzieli",7915
1975,"chciałaś",7914
1976,"doktora",7911
1977,"prawdziwym",7907
1978,"wyglądać",7905
1979,"przekonać",7895
1980,"pytam",7887
1981,"wyluzuj",7885
1982,"dowie",7880
1983,"trwa",7878
1984,"znajduje",7872
1985,"poznałem",7866
1986,"ojcu",7860
1987,"ostatnich",7856
1988,"al",7855
1989,"wolność",7853
1990,"łeb",7852
1991,"strzelaj",7838
1992,"myślał",7836
1993,"zabiją",7832
1994,"wychodzę",7832
1995,"posłuchać",7827
1996,"strzał",7825
1997,"kinomania",7819
1998,"utrzymać",7815
1999,"cholerny",7814
2000,"kasy",7804
2001,"potrzebują",7800
2002,"okolicy",7792
2003,"wolności",7791
2004,"czułem",7791
2005,"Carter",7786
2006,"Jones",7785
2007,"opowiedz",7784
2008,"łodzi",7784
2009,"prosze",7777
2010,"czasów",7775
2011,"minęło",7774
2012,"widziała",7772
2013,"północy",7772
2014,"ruchy",7770
2015,"ku",7765
2016,"pokładzie",7763
2017,"absolutnie",7760
2018,"vegas",7757
2019,"małym",7754
2020,"cisza",7753
2021,"klasy",7743
2022,"czekają",7738
2023,"pytasz",7737
2024,"nos",7737
2025,"przejmuj",7733
2026,"szlag",7725
2027,"mamą",7721
2028,"wierzy",7715
2029,"lepszego",7699
2030,"zabili",7696
2031,"okropne",7695
2032,"śmiało",7679
2033,"sali",7675
2034,"sprawdzę",7675
2035,"następne",7670
2036,"powtarzam",7650
2037,"mieszkania",7646
2038,"bój",7644
2039,"wraz",7634
2040,"pańska",7631
2041,"zmarł",7630
2042,"czterech",7626
2043,"uczucia",7623
2044,"czytać",7623
2045,"podejdź",7620
2046,"uwierz",7619
2047,"doceniam",7615
2048,"warte",7615
2049,"czyżby",7592
2050,"pańskie",7588
2051,"zero",7584
2052,"różnych",7581
2053,"zobaczyłem",7578
2054,"bomba",7574
2055,"nowej",7567
2056,"pamięć",7566
2057,"taty",7566
2058,"zastanawiam",7561
2059,"klucze",7559
2060,"wróć",7558
2061,"rzeczą",7557
2062,"własny",7552
2063,"przyjdę",7548
2064,"przypomina",7546
2065,"danych",7544
2066,"tatuś",7539
2067,"przeszłości",7528
2068,"pochodzi",7519
2069,"zobaczy",7511
2070,"napisane",7501
2071,"mark",7500
2072,"mężem",7491
2073,"drogą",7491
2074,"ubrania",7487
2075,"akta",7486
2076,"widzimy",7480
2077,"jakiejś",7476
2078,"brian",7476
2079,"żadne",7474
2080,"ufać",7468
2081,"najważniejsze",7465
2082,"doczekać",7460
2083,"sklepu",7459
2084,"szczególnie",7458
2085,"północ",7452
2086,"zostawię",7448
2087,"hatak",7445
2088,"bazy",7443
2089,"podróży",7440
2090,"ręki",7436
2091,"prezydencie",7421
2092,"spytać",7420
2093,"Chicago",7416
2094,"piątek",7414
2095,"Charles",7409
2096,"decyzja",7408
2097,"potrzebna",7407
2098,"ocalić",7407
2099,"lewej",7403
2100,"pojechać",7399
2101,"obie",7392
2102,"Rose",7385
2103,"Amy",7384
2104,"dopasowane",7382
2105,"pić",7381
2106,"mojemu",7369
2107,"zmęczony",7367
2108,"wchodzi",7359
2109,"randkę",7358
2110,"grupy",7355
2111,"pieprz",7354
2112,"waszych",7353
2113,"potrwa",7352
2114,"bezpieczny",7350
2115,"gorąco",7335
2116,"stracił",7334
2117,"miecz",7331
2118,"pamięta",7329
2119,"łatwe",7328
2120,"siłę",7326
2121,"zaczniemy",7325
2122,"wyjdziesz",7322
2123,"własnym",7315
2124,"pospiesz",7308
2125,"słyszeć",7304
2126,"śpi",7302
2127,"zbliża",7301
2128,"czekamy",7301
2129,"kieszeni",7293
2130,"świąt",7288
2131,"stóp",7282
2132,"zdarza",7280
2133,"nogę",7277
2134,"generał",7272
2135,"żołnierzy",7270
2136,"przeszkadza",7269
2137,"zajmuje",7254
2138,"sprzęt",7244
2139,"miałby",7243
2140,"wyszła",7243
2141,"silny",7242
2142,"szefa",7241
2143,"słodki",7236
2144,"dostęp",7234
2145,"spotkania",7233
2146,"porozmawiamy",7233
2147,"ufam",7231
2148,"dowodów",7224
2149,"winny",7219
2150,"new",7210
2151,"dzwonię",7209
2152,"firma",7202
2153,"zginąć",7195
2154,"trzymajcie",7195
2155,"złym",7194
2156,"swoimi",7190
2157,"głęboko",7187
2158,"małżeństwo",7185
2159,"pełne",7178
2160,"bierzesz",7174
2161,"nieprawdaż",7163
2162,"ranny",7161
2163,"martwię",7155
2164,"stanu",7153
2165,"komputer",7149
2166,"połóż",7136
2167,"auto",7133
2168,"równie",7133
2169,"założyć",7132
2170,"zapewne",7130
2171,"nadszedł",7128
2172,"kwiaty",7127
2173,"niedaleko",7121
2174,"wroga",7119
2175,"paru",7118
2176,"dziwnego",7111
2177,"ameryki",7103
2178,"cos",7102
2179,"napiprojekt",7101
2180,"liczyć",7097
2181,"wiatr",7096
2182,"staje",7096
2183,"kawał",7095
2184,"straciliśmy",7095
2185,"szkoła",7095
2186,"zęby",7093
2187,"zaszczyt",7093
2188,"zachować",7093
2189,"znaczenie",7090
2190,"energii",7089
2191,"zaczekać",7086
2192,"potrzeby",7076
2193,"misji",7073
2194,"przyjemnością",7069
2195,"waszym",7061
2196,"możliwość",7060
2197,"najszybciej",7059
2198,"joey",7059
2199,"piłkę",7055
2200,"jakich",7050
2201,"armia",7042
2202,"zechcesz",7041
2203,"czerwony",7041
2204,"stacji",7028
2205,"byłaby",7018
2206,"cenę",7017
2207,"dobrych",7016
2208,"strachu",7016
2209,"musiałeś",7012
2210,"cia",7012
2211,"gratuluję",7010
2212,"wyjechać",7010
2213,"gdybyśmy",7006
2214,"pole",7002
2215,"forsy",6999
2216,"hotel",6998
2217,"zapach",6993
2218,"zmieniło",6987
2219,"zabrali",6983
2220,"wojnie",6980
2221,"mieszkam",6970
2222,"starego",6961
2223,"oddział",6954
2224,"ted",6950
2225,"sklep",6949
2226,"bezpiecznie",6947
2227,"house",6943
2228,"odszedł",6938
2229,"królem",6932
2230,"samolotu",6929
2231,"emily",6927
2232,"planu",6925
2233,"wróciłem",6924
2234,"jutra",6920
2235,"brawo",6913
2236,"boi",6912
2237,"minutę",6906
2238,"bezpieczne",6902
2239,"kontroli",6898
2240,"bzdury",6898
2241,"ducha",6897
2242,"pomyśleć",6896
2243,"znacznie",6895
2244,"dała",6888
2245,"miały",6886
2246,"moze",6882
2247,"czysty",6876
2248,"profesorze",6872
2249,"byłbym",6862
2250,"otwieraj",6851
2251,"lot",6848
2252,"wyobrazić",6846
2253,"zadowolony",6844
2254,"domem",6839
2255,"sprzedać",6839
2256,"przyniosę",6839
2257,"zdejmij",6833
2258,"głową",6826
2259,"martin",6822
2260,"celem",6822
2261,"skończył",6818
2262,"mężczyźni",6814
2263,"musiało",6814
2264,"tygodnia",6812
2265,"żartuję",6810
2266,"zasadzie",6807
2267,"przekazać",6799
2268,"mogłaby",6799
2269,"don",6796
2270,"móc",6793
2271,"dałeś",6793
2272,"zostaną",6790
2273,"obejrzeć",6789
2274,"mogłoby",6787
2275,"mamę",6777
2276,"wyszło",6777
2277,"zamian",6775
2278,"umowę",6773
2279,"auta",6770
2280,"pomocą",6767
2281,"umowa",6766
2282,"śmieci",6753
2283,"restauracji",6750
2284,"dan",6743
2285,"zacząłem",6741
2286,"normalnie",6740
2287,"odsuń",6738
2288,"kontrolę",6734
2289,"sądu",6731
2290,"mamie",6728
2291,"wszystkimi",6722
2292,"znajdą",6721
2293,"jestes",6720
2294,"tatusiu",6717
2295,"zrobią",6717
2296,"przyjechał",6716
2297,"kurs",6716
2298,"chuck",6716
2299,"rusz",6710
2300,"eric",6710
2301,"spotkałem",6703
2302,"zostawcie",6699
2303,"kompletnie",6694
2304,"troszkę",6688
2305,"dokumenty",6687
2306,"pamięci",6684
2307,"przeznaczenie",6683
2308,"najlepszych",6680
2309,"zaczęła",6677
2310,"seksu",6677
2311,"duszę",6675
2312,"poprzez",6675
2313,"moge",6674
2314,"przynieść",6671
2315,"samobójstwo",6664
2316,"napisał",6659
2317,"robiłeś",6658
2318,"ross",6649
2319,"pełno",6648
2320,"rzeki",6645
2321,"wyciągnąć",6644
2322,"potrzebować",6642
2323,"córką",6640
2324,"książka",6636
2325,"zwierzęta",6636
2326,"podobało",6635
2327,"ruchu",6632
2328,"wyjdę",6632
2329,"zabijesz",6625
2330,"długa",6623
2331,"setki",6623
2332,"gwiazdy",6618
2333,"załatwię",6611
2334,"bracia",6610
2335,"zabijać",6609
2336,"wino",6607
2337,"trzeci",6606
2338,"waszą",6604
2339,"bond",6604
2340,"stanów",6599
2341,"patrzę",6595
2342,"nawzajem",6595
2343,"aha",6590
2344,"kevin",6583
2345,"gliną",6580
2346,"tamtego",6579
2347,"ryby",6577
2348,"morderstwa",6575
2349,"podnieś",6574
2350,"annie",6573
2351,"gdziekolwiek",6563
2352,"dwaj",6558
2353,"prawej",6551
2354,"kapitana",6541
2355,"las",6540
2356,"połowę",6530
2357,"subgroup",6528
2358,"wyłącz",6528
2359,"niedobrze",6524
2360,"udowodnić",6521
2361,"walter",6521
2362,"zabija",6519
2363,"kurde",6516
2364,"planety",6512
2365,"proces",6509
2366,"zejdź",6509
2367,"okoliczności",6505
2368,"zmienił",6505
2369,"książę",6505
2370,"barze",6504
2371,"siostrę",6502
2372,"kościoła",6502
2373,"spodnie",6500
2374,"mieszkasz",6498
2375,"kwestia",6497
2376,"wyglądał",6496
2377,"anglii",6494
2378,"patrzysz",6488
2379,"bohaterem",6485
2380,"sytuację",6479
2381,"wątpliwości",6477
2382,"patrzy",6476
2383,"sądziłem",6475
2384,"niebo",6472
2385,"niezbyt",6471
2386,"sumie",6470
2387,"ręka",6470
2388,"pete",6466
2389,"zadzwonił",6460
2390,"jenny",6459
2391,"dachu",6455
2392,"powrót",6451
2393,"słyszałaś",6448
2394,"ledwo",6448
2395,"konieczne",6446
2396,"fps",6445
2397,"widzieliście",6445
2398,"czyni",6442
2399,"zmiana",6434
2400,"zadać",6432
2401,"sukinsynu",6431
2402,"doprawdy",6425
2403,"mogliśmy",6424
2404,"uczyć",6423
2405,"pragnę",6422
2406,"pogadamy",6420
2407,"umie",6411
2408,"powinniście",6411
2409,"wróciła",6409
2410,"tysiąc",6408
2411,"byliście",6404
2412,"normalne",6403
2413,"przedstawić",6401
2414,"matt",6397
2415,"zachód",6390
2416,"robert",6385
2417,"prędzej",6377
2418,"zostałeś",6365
2419,"prawdziwą",6362
2420,"amen",6359
2421,"sztuki",6355
2422,"sprawą",6346
2423,"ryzyko",6346
2424,"używać",6343
2425,"duch",6330
2426,"stole",6329
2427,"plaży",6328
2428,"nosi",6325
2429,"żebyście",6324
2430,"cofnąć",6322
2431,"parku",6316
2432,"napić",6315
2433,"wolne",6309
2434,"rzucić",6307
2435,"zabieraj",6306
2436,"badań",6306
2437,"przyszłym",6306
2438,"próbujesz",6303
2439,"porucznik",6301
2440,"poważne",6301
2441,"dotąd",6296
2442,"środek",6292
2443,"bezpieczna",6286
2444,"zamiaru",6281
2445,"trzymam",6278
2446,"umarła",6275
2447,"dziewczynki",6272
2448,"ukryć",6272
2449,"wchodzę",6272
2450,"sklepie",6268
2451,"dotrzeć",6267
2452,"chwilą",6264
2453,"odpowiada",6262
2454,"obrony",6261
2455,"trzymasz",6260
2456,"pisać",6257
2457,"pozwolenie",6257
2458,"gadasz",6257
2459,"waszego",6254
2460,"winy",6248
2461,"mistrz",6246
2462,"mogłaś",6244
2463,"życzę",6242
2464,"czasach",6241
2465,"funtów",6241
2466,"systemu",6236
2467,"imprezę",6235
2468,"jazdy",6232
2469,"pozwala",6231
2470,"jean",6231
2471,"pomógł",6229
2472,"dużą",6222
2473,"jacka",6220
2474,"rozmowa",6220
2475,"jedi",6220
2476,"napisać",6218
2477,"darmo",6217
2478,"suko",6212
2479,"przygotuj",6208
2480,"fajne",6208
2481,"słyszał",6204
2482,"dziwny",6203
2483,"pewnym",6201
2484,"grace",6200
2485,"którymi",6199
2486,"znacie",6194
2487,"william",6194
2488,"władzy",6192
2489,"narkotyki",6189
2490,"alan",6183
2491,"zrozumiano",6182
2492,"służyć",6173
2493,"dzwoń",6172
2494,"drzwiami",6164
2495,"samych",6164
2496,"bilety",6157
2497,"interesujące",6155
2498,"czekał",6153
2499,"znałem",6153
2500,"jezus",6151
2501,"sercu",6150
2502,"pewność",6149
2503,"przeprosić",6145
2504,"przeszłość",6144
2505,"jednostki",6144
2506,"czynienia",6142
2507,"uważać",6142
2508,"dziadek",6142
2509,"pisze",6141
2510,"ciężkie",6137
2511,"znaleziono",6137
2512,"wybierasz",6135
2513,"chora",6130
2514,"słuchasz",6129
2515,"przyjąć",6126
2516,"powietrza",6106
2517,"jaj",6104
2518,"smith",6103
2519,"mając",6101
2520,"bać",6100
2521,"wieczoru",6099
2522,"meksyku",6099
2523,"zajmij",6098
2524,"projekt",6091
2525,"oczywiste",6090
2526,"gościem",6090
2527,"pieprzone",6090
2528,"kelly",6087
2529,"kamery",6079
2530,"większe",6076
2531,"powodów",6073
2532,"dzieciaka",6070
2533,"wejście",6069
2534,"mylisz",6069
2535,"bedzie",6062
2536,"thomas",6061
2537,"babcia",6060
2538,"nosić",6054
2539,"znalazła",6053
2540,"klubu",6053
2541,"okazję",6047
2542,"chłopcem",6047
2543,"połowa",6046
2544,"niebie",6042
2545,"czyste",6040
2546,"kolor",6038
2547,"cholerne",6037
2548,"muzykę",6035
2549,"tv",6031
2550,"drzewa",6024
2551,"najlepszą",6024
2552,"narkotyków",6021
2553,"niewiarygodne",6019
2554,"miami",6012
2555,"zrobione",6012
2556,"kumpel",6011
2557,"twego",6011
2558,"lucy",6011
2559,"żałuję",6010
2560,"wschód",6010
2561,"klientów",6009
2562,"władzę",6005
2563,"wymaga",6004
2564,"biedny",5997
2565,"uśmiech",5996
2566,"zobaczył",5994
2567,"kupiłem",5991
2568,"pomyłka",5987
2569,"carl",5985
2570,"szeryfie",5984
2571,"nareszcie",5980
2572,"pracowałem",5979
2573,"city",5977
2574,"zacznij",5974
2575,"poradzić",5972
2576,"święty",5968
2577,"wyjątkiem",5965
2578,"bilet",5964
2579,"zginie",5963
2580,"daniel",5963
2581,"żołnierze",5961
2582,"mb",5960
2583,"przyda",5957
2584,"cudowne",5954
2585,"łatwiej",5953
2586,"wyglądało",5953
2587,"złota",5953
2588,"kolana",5953
2589,"spędzić",5950
2590,"przeżyć",5947
2591,"sądzi",5945
2592,"drużyny",5944
2593,"wsparcie",5942
2594,"majorze",5940
2595,"ofiar",5932
2596,"wesołych",5930
2597,"odpowiedzialny",5926
2598,"ofiara",5921
2599,"brakowało",5919
2600,"sekret",5918
2601,"pierdolony",5917
2602,"powinny",5910
2603,"oddech",5910
2604,"zajęcia",5906
2605,"ah",5900
2606,"wykorzystać",5899
2607,"raka",5899
2608,"chcieliśmy",5898
2609,"muzyki",5894
2610,"dar",5893
2611,"siostro",5891
2612,"studia",5890
2613,"będąc",5884
2614,"jason",5883
2615,"red",5881
2616,"znał",5879
2617,"jesli",5879
2618,"słyszy",5873
2619,"Luke",5873
2620,"problemem",5872
2621,"skrzywdzić",5869
2622,"potrafią",5869
2623,"street",5868
2624,"czysto",5863
2625,"Jackson",5861
2626,"śledztwo",5856
2627,"siostrą",5849
2628,"wolałbym",5848
2629,"Susan",5848
2630,"próba",5843
2631,"sił",5842
2632,"piersi",5840
2633,"działo",5839
2634,"stopy",5834
2635,"twoimi",5833
2636,"najmniej",5832
2637,"dziewczyn",5830
2638,"witajcie",5830
2639,"plecy",5829
2640,"Elizabeth",5828
2641,"bogiem",5827
2642,"dali",5826
2643,"pijany",5825
2644,"wyspie",5824
2645,"punkcie",5823
2646,"zabójca",5821
2647,"kościół",5817
2648,"winien",5814
2649,"wszedł",5813
2650,"dziwka",5807
2651,"oddychać",5805
2652,"służby",5805
2653,"duszy",5803
2654,"zdarzyło",5800
2655,"zagrać",5798
2656,"umrę",5796
2657,"Lisa",5794
2658,"pełna",5788
2659,"pokład",5788
2660,"szacunku",5782
2661,"odbiło",5779
2662,"pozwolisz",5775
2663,"klubie",5771
2664,"czytałem",5767
2665,"wiedziałaś",5765
2666,"rąk",5763
2667,"zasad",5760
2668,"zdjęć",5753
2669,"osobę",5749
2670,"małej",5748
2671,"zróbcie",5747
2672,"wróciłeś",5743
2673,"dostałam",5742
2674,"wielkiej",5741
2675,"kontynuować",5739
2676,"Ryan",5738
2677,"oddychaj",5735
2678,"poczucie",5730
2679,"terry",5729
2680,"idealnie",5728
2681,"udawać",5724
2682,"imienia",5718
2683,"zapytaj",5716
2684,"francji",5716
2685,"udać",5715
2686,"kontrolować",5709
2687,"matko",5708
2688,"pojadę",5704
2689,"anna",5699
2690,"zauważyłem",5699
2691,"boku",5698
2692,"działania",5696
2693,"uszy",5694
2694,"zdjąć",5694
2695,"cud",5694
2696,"wysoko",5693
2697,"poszedłem",5691
2698,"movie",5687
2699,"akt",5684
2700,"drużyna",5682
2701,"pułkownik",5681
2702,"jasno",5679
2703,"park",5678
2704,"latać",5673
2705,"filmie",5673
2706,"wydawało",5670
2707,"zachowanie",5666
2708,"doszło",5665
2709,"okna",5663
2710,"przyjaciółka",5661
2711,"scott",5661
2712,"strona",5660
2713,"impreza",5652
2714,"suka",5645
2715,"ciśnienie",5644
2716,"angielsku",5641
2717,"przypuszczam",5640
2718,"posłuchajcie",5640
2719,"uważnie",5640
2720,"kartę",5639
2721,"dupie",5637
2722,"dziewięć",5635
2723,"kamień",5631
2724,"ludzkie",5631
2725,"upewnić",5628
2726,"zapłacę",5623
2727,"autobus",5621
2728,"tęsknię",5620
2729,"południu",5620
2730,"żonaty",5617
2731,"rachunek",5616
2732,"próbowałam",5616
2733,"dajesz",5616
2734,"wierz",5615
2735,"liceum",5614
2736,"wziąłem",5613
2737,"złoto",5612
2738,"odpowiedzieć",5612
2739,"biorąc",5608
2740,"stała",5607
2741,"zabiła",5604
2742,"nadziei",5601
2743,"ściany",5599
2744,"wykonać",5597
2745,"oddam",5595
2746,"odpocząć",5592
2747,"zło",5591
2748,"miej",5586
2749,"mieszkaniu",5586
2750,"cofnij",5585
2751,"profesor",5583
2752,"zrobienia",5580
2753,"ważny",5579
2754,"krwią",5579
2755,"zeszłej",5578
2756,"piekło",5576
2757,"wakacje",5576
2758,"przedtem",5576
2759,"pozwólcie",5575
2760,"pamiętać",5572
2761,"oby",5571
2762,"ust",5569
2763,"dzieła",5567
2764,"um",5566
2765,"wprost",5562
2766,"pełni",5562
2767,"najgorsze",5553
2768,"tylu",5552
2769,"obecnie",5546
2770,"scenariusz",5541
2771,"helen",5534
2772,"misja",5532
2773,"kłamiesz",5525
2774,"pojawił",5522
2775,"grozi",5521
2776,"piekła",5518
2777,"operacja",5517
2778,"wozu",5515
2779,"sąd",5515
2780,"chłopie",5513
2781,"byle",5507
2782,"hank",5507
2783,"pośpiesz",5503
2784,"karen",5503
2785,"ciemności",5495
2786,"okiem",5495
2787,"pozycji",5495
2788,"przedstawienie",5494
2789,"zasada",5489
2790,"chłopców",5488
2791,"bomby",5486
2792,"żonie",5484
2793,"kluczyki",5482
2794,"klasie",5477
2795,"ostatniego",5477
2796,"ed",5473
2797,"prawdziwego",5467
2798,"kochał",5465
2799,"znają",5464
2800,"mężczyznę",5453
2801,"mądry",5446
2802,"grasz",5446
2803,"palców",5446
2804,"idiota",5442
2805,"łóżko",5442
2806,"wodą",5439
2807,"odciski",5436
2808,"mieszkać",5435
2809,"morderca",5435
2810,"przypadkiem",5433
2811,"wolna",5427
2812,"połowie",5426
2813,"szkołę",5426
2814,"wyłączyć",5426
2815,"prysznic",5424
2816,"johna",5422
2817,"pokonać",5419
2818,"ramię",5419
2819,"mamusiu",5416
2820,"przyszłam",5415
2821,"słodkie",5414
2822,"kawałki",5413
2823,"pańskiej",5410
2824,"piwnicy",5406
2825,"wysłał",5401
2826,"zegarek",5400
2827,"dookoła",5399
2828,"ciężki",5397
2829,"polega",5397
2830,"stopni",5395
2831,"samochodem",5394
2832,"nazywał",5391
2833,"połączenie",5385
2834,"plus",5385
2835,"zastanawiałem",5372
2836,"przerwy",5369
2837,"prawdą",5366
2838,"rada",5359
2839,"pyta",5356
2840,"postawić",5354
2841,"ukradł",5353
2842,"urządzenie",5352
2843,"przystojny",5343
2844,"agencie",5343
2845,"umrzesz",5341
2846,"siedział",5339
2847,"simon",5335
2848,"własnych",5333
2849,"lotnisko",5333
2850,"phoebe",5333
2851,"zapomniałeś",5332
2852,"kupił",5329
2853,"punktu",5329
2854,"chwile",5327
2855,"zakupy",5327
2856,"szukają",5323
2857,"okazało",5319
2858,"poniedziałek",5318
2859,"palce",5315
2860,"pojedziemy",5314
2861,"ręką",5310
2862,"adam",5305
2863,"tajemnicy",5299
2864,"poprostu",5295
2865,"wstać",5294
2866,"drzewo",5290
2867,"odpowiedz",5287
2868,"zmęczona",5286
2869,"skończyła",5285
2870,"szpital",5284
2871,"wujku",5280
2872,"trakcie",5279
2873,"zostawiłem",5278
2874,"kosztuje",5276
2875,"okropnie",5275
2876,"dają",5275
2877,"kolejna",5274
2878,"wychodzić",5274
2879,"gazety",5273
2880,"okres",5270
2881,"przyjdziesz",5269
2882,"miejsc",5265
2883,"działają",5265
2884,"matce",5263
2885,"bronić",5263
2886,"zjednoczonych",5262
2887,"rzeczywistości",5260
2888,"wpadł",5260
2889,"tańczyć",5259
2890,"ameryce",5258
2891,"goście",5256
2892,"twarzą",5256
2893,"uwolnić",5256
2894,"zacznę",5254
2895,"przerwę",5246
2896,"ochrona",5244
2897,"detektywie",5241
2898,"komórki",5241
2899,"zakończyć",5241
2900,"prosił",5239
2901,"litość",5239
2902,"niedawno",5237
2903,"obrazy",5234
2904,"alice",5234
2905,"zabawny",5233
2906,"ono",5232
2907,"pełen",5231
2908,"gejem",5229
2909,"piosenkę",5227
2910,"zapomniałam",5225
2911,"rozmawiam",5224
2912,"samochody",5222
2913,"wziąłeś",5220
2914,"spotkaliśmy",5219
2915,"szacunkiem",5209
2916,"większy",5209
2917,"królowa",5209
2918,"próbuj",5209
2919,"zdaniem",5199
2920,"łazienki",5199
2921,"wpaść",5194
2922,"taniec",5194
2923,"para",5192
2924,"czysta",5190
2925,"używa",5188
2926,"szczery",5180
2927,"siła",5179
2928,"herbaty",5175
2929,"chciałabyś",5171
2930,"czekałem",5169
2931,"dźwięk",5167
2932,"tamten",5165
2933,"wspomnienia",5165
2934,"odeszła",5163
2935,"położyć",5163
2936,"sześciu",5157
2937,"kłamstwo",5155
2938,"dotyczy",5154
2939,"rusza",5154
2940,"leki",5150
2941,"siedzisz",5149
2942,"nagrodę",5147
2943,"bar",5146
2944,"pracujemy",5145
2945,"operację",5143
2946,"programu",5142
2947,"żyjemy",5140
2948,"wywiad",5134
2949,"robin",5133
2950,"jemu",5132
2951,"celi",5132
2952,"wstyd",5131
2953,"dawać",5131
2954,"pilnuj",5131
2955,"swojemu",5128
2956,"chłopakiem",5123
2957,"com",5121
2958,"palec",5119
2959,"radzę",5116
2960,"muzeum",5116
2961,"cierpię",5109
2962,"przyszło",5105
2963,"show",5103
2964,"zmarła",5100
2965,"walkę",5098
2966,"rządu",5088
2967,"znieść",5084
2968,"aresztowany",5080
2969,"julie",5077
2970,"przyjdź",5076
2971,"ważnego",5075
2972,"grane",5070
2973,"sierżant",5066
2974,"pomóżcie",5064
2975,"marty",5061
2976,"starym",5059
2977,"dostaje",5058
2978,"dupkiem",5057
2979,"pozycję",5056
2980,"starych",5054
2981,"chuja",5050
2982,"piękną",5049
2983,"przeczytać",5048
2984,"odwiedzić",5047
2985,"ostrożny",5038
2986,"opowiedzieć",5038
2987,"kolacji",5037
2988,"podobnie",5037
2989,"weźmiemy",5032
2990,"klub",5031
2991,"sa",5031
2992,"szukałem",5028
2993,"bycia",5025
2994,"poważny",5024
2995,"talent",5024
2996,"braci",5024
2997,"tatą",5021
2998,"przyjaciółką",5020
2999,"białe",5019
3000,"załatwione",5018
3001,"wiarę",5016
3002,"szybki",5016
3003,"jeff",5014
3004,"porze",5014
3005,"łączy",5013
3006,"wayne",5012
3007,"your",5012
3008,"aie",5008
3009,"ksiądz",5005
3010,"widzieli",5005
3011,"nancy",5002
3012,"starszy",5001
3013,"skończyliśmy",5000
3014,"walczył",5000
3015,"przyjechałem",4999
3016,"betty",4996
3017,"ważna",4992
3018,"gwiazda",4992
3019,"wysokości",4992
3020,"akcja",4992
3021,"wszelkie",4990
3022,"wymiar",4989
3023,"płacą",4987
3024,"zaczekajcie",4987
3025,"filmy",4986
3026,"sprawiedliwości",4981
3027,"zwycięstwo",4981
3028,"rozwiązanie",4981
3029,"lotu",4980
3030,"przenieść",4979
3031,"mężczyzny",4977
3032,"that",4974
3033,"pokaz",4971
3034,"wydział",4970
3035,"materiał",4969
3036,"clark",4966
3037,"smakuje",4966
3038,"swe",4964
3039,"kyle",4961
3040,"bezpieczeństwo",4959
3041,"poprosić",4956
3042,"michelle",4955
3043,"wdzięczny",4954
3044,"zechce",4952
3045,"wycofać",4952
3046,"czerwone",4952
3047,"skończę",4951
3048,"bądźcie",4949
3049,"żywo",4948
3050,"miejscach",4947
3051,"walce",4946
3052,"rozmawiamy",4944
3053,"ucieka",4944
3054,"oficer",4943
3055,"podpisać",4941
3056,"przeze",4940
3057,"kłamie",4940
3058,"zaczynasz",4937
3059,"umieram",4936
3060,"dziennie",4934
3061,"królową",4933
3062,"skończyło",4932
3063,"wybaczcie",4932
3064,"dowiem",4930
3065,"samotny",4930
3066,"misję",4930
3067,"istnieją",4929
3068,"kochana",4928
3069,"nauczył",4926
3070,"stu",4923
3071,"prosi",4920
3072,"piwa",4920
3073,"snu",4917
3074,"siedzę",4915
3075,"główny",4913
3076,"zrozumiałeś",4911
3077,"przysłał",4907
3078,"odwróć",4906
3079,"sypialni",4904
3080,"szczegóły",4901
3081,"wypuść",4899
3082,"niebezpieczny",4896
3083,"paryżu",4894
3084,"londynie",4890
3085,"dwadzieścia",4886
3086,"dzwonić",4880
3087,"sensie",4877
3088,"sprawach",4877
3089,"ślubu",4876
3090,"kolejną",4876
3091,"zabity",4875
3092,"pociągu",4868
3093,"poprawki",4867
3094,"wart",4864
3095,"styl",4861
3096,"zamierza",4860
3097,"nakaz",4856
3098,"deszcz",4854
3099,"dach",4852
3100,"koszmar",4850
3101,"dobrzy",4849
3102,"maszyny",4847
3103,"udaje",4847
3104,"kręci",4847
3105,"bombę",4845
3106,"załóż",4844
3107,"prowadzę",4841
3108,"specjalny",4840
3109,"wiecznie",4839
3110,"tim",4839
3111,"wodzie",4837
3112,"spod",4835
3113,"znany",4835
3114,"kłopot",4833
3115,"bzdura",4833
3116,"czekasz",4825
3117,"rolę",4823
3118,"zwrócić",4823
3119,"ekstra",4817
3120,"pozostać",4817
3121,"dostaniemy",4817
3122,"mm",4817
3123,"kawa",4812
3124,"włosów",4812
3125,"mogły",4809
3126,"żadnym",4809
3127,"robiła",4806
3128,"starczy",4804
3129,"ciemno",4804
3130,"oka",4802
3131,"nosa",4798
3132,"pogrzeb",4798
3133,"gram",4797
3134,"sieci",4795
3135,"louis",4795
3136,"swej",4790
3137,"kontrolą",4790
3138,"naturalnie",4790
3139,"zamknięty",4789
3140,"podstawie",4787
3141,"martwa",4787
3142,"musieliśmy",4785
3143,"zajęta",4785
3144,"użyj",4784
3145,"słyszeliście",4783
3146,"odrobinę",4778
3147,"następnie",4777
3148,"zejść",4776
3149,"skóry",4775
3150,"rozmawiał",4774
3151,"wchodzimy",4774
3152,"maria",4770
3153,"love",4770
3154,"straszny",4769
3155,"ochronę",4769
3156,"konie",4768
3157,"słaby",4768
3158,"bruce",4768
3159,"weźmiesz",4767
3160,"zabieram",4766
3161,"reszty",4766
3162,"roy",4763
3163,"okazja",4762
3164,"rogu",4759
3165,"wieki",4757
3166,"gordon",4752
3167,"przyjedzie",4750
3168,"lesie",4746
3169,"ratować",4745
3170,"obiecaj",4745
3171,"cole",4745
3172,"piętro",4742
3173,"zwykły",4741
3174,"dowiemy",4740
3175,"imperium",4738
3176,"weźcie",4737
3177,"nadzieje",4731
3178,"strata",4731
3179,"swą",4730
3180,"nienawidzi",4729
3181,"zaczynaj",4727
3182,"przybył",4723
3183,"ludziach",4721
3184,"zresztą",4721
3185,"klient",4721
3186,"zwierząt",4721
3187,"artykuł",4721
3188,"zgadnij",4718
3189,"beze",4717
3190,"podnieść",4717
3191,"złą",4716
3192,"byc",4716
3193,"złap",4707
3194,"spacer",4705
3195,"przyjechać",4704
3196,"but",4704
3197,"gadaj",4703
3198,"kula",4702
3199,"pozwolił",4701
3200,"wyżej",4701
3201,"typu",4700
3202,"kilometrów",4700
3203,"naszymi",4700
3204,"świadków",4695
3205,"ciele",4694
3206,"szacunek",4692
3207,"sara",4690
3208,"ucieczki",4689
3209,"czarne",4684
3210,"dumna",4681
3211,"zajmiemy",4681
3212,"wytłumaczyć",4680
3213,"nadejdzie",4677
3214,"faktycznie",4676
3215,"czułam",4676
3216,"agenta",4674
3217,"uważajcie",4671
3218,"złych",4671
3219,"przejście",4667
3220,"zapewniam",4666
3221,"prosimy",4666
3222,"takimi",4665
3223,"man",4665
3224,"koledzy",4664
3225,"śmierdzi",4664
3226,"rozumiecie",4662
3227,"miesiącu",4662
3228,"księżyc",4660
3229,"silnik",4660
3230,"Harvey",4658
3231,"Sean",4657
3232,"pomimo",4656
3233,"wiek",4655
3234,"rzeczach",4651
3235,"kurwy",4648
3236,"wezwać",4646
3237,"widzą",4646
3238,"Phil",4643
3239,"I'm",4640
3240,"zamek",4637
3241,"decyzji",4636
3242,"zwolnij",4633
3243,"przyjdą",4632
3244,"dostała",4632
3245,"terenie",4631
3246,"zaczniesz",4628
3247,"fair",4627
3248,"amerykanie",4627
3249,"czarna",4625
3250,"śladów",4623
3251,"gwiazdą",4620
3252,"Molly",4616
3253,"generała",4614
3254,"cycki",4613
3255,"gramy",4612
3256,"przypomnieć",4612
3257,"świętego",4609
3258,"przeczucie",4608
3259,"lecimy",4607
3260,"warunki",4606
3261,"łapy",4605
3262,"niemal",4605
3263,"powrotu",4604
3264,"zabierze",4604
3265,"skończysz",4603
3266,"dzieciaku",4603
3267,"sztuka",4603
3268,"mile",4602
3269,"sprawić",4602
3270,"lepsza",4601
3271,"podobne",4600
3272,"skorzystać",4599
3273,"sekundy",4598
3274,"kot",4598
3275,"Jackie",4598
3276,"rock",4596
3277,"małych",4596
3278,"głośno",4594
3279,"planecie",4593
3280,"gaz",4592
3281,"zaczynają",4591
3282,"szukał",4590
3283,"smutne",4590
3284,"osobiste",4588
3285,"obcy",4585
3286,"czwartek",4582
3287,"wyobraź",4582
3288,"powietrzu",4581
3289,"granicy",4580
3290,"pacjent",4579
3291,"następna",4579
3292,"pojęcie",4579
3293,"tytuł",4578
3294,"usłyszałem",4575
3295,"okulary",4571
3296,"zrozum",4570
3297,"taylor",4570
3298,"zespołu",4569
3299,"trzymał",4568
3300,"wracajcie",4568
3301,"pańskiego",4567
3302,"źródło",4563
3303,"testy",4563
3304,"niewinny",4563
3305,"pali",4562
3306,"kalifornii",4561
3307,"obecność",4561
3308,"wojska",4561
3309,"ilość",4561
3310,"żywy",4555
3311,"bawi",4555
3312,"wolisz",4554
3313,"włóż",4554
3314,"sędzia",4554
3315,"towarzystwo",4552
3316,"zainteresowany",4552
3317,"niemcy",4551
3318,"minął",4551
3319,"pewni",4551
3320,"kochałem",4551
3321,"piętrze",4549
3322,"oszalałeś",4549
3323,"ranka",4549
3324,"głównie",4547
3325,"marzenia",4545
3326,"dowiedział",4545
3327,"sukces",4543
3328,"złożyć",4542
3329,"fajny",4538
3330,"mulder",4537
3331,"zastrzelić",4536
3332,"procent",4536
3333,"doświadczenie",4535
3334,"idioto",4534
3335,"obóz",4529
3336,"grał",4529
3337,"mac",4527
3338,"straciłeś",4526
3339,"zapewnić",4524
3340,"polu",4522
3341,"wyjaśnię",4522
3342,"obiecałem",4518
3343,"nagranie",4518
3344,"wilson",4517
3345,"szansy",4516
3346,"kolacja",4515
3347,"pewną",4515
3348,"picia",4514
3349,"bałagan",4514
3350,"biznes",4514
3351,"zostaliśmy",4511
3352,"kochany",4510
3353,"glina",4509
3354,"uspokoić",4508
3355,"trafił",4508
3356,"skomplikowane",4506
3357,"koń",4506
3358,"wal",4505
3359,"uderzył",4505
3360,"czek",4503
3361,"pas",4500
3362,"płaci",4500
3363,"zrozumiesz",4498
3364,"zostawiła",4498
3365,"sobotę",4497
3366,"przeżył",4496
3367,"św",4496
3368,"nazywać",4496
3369,"połączyć",4494
3370,"wyspy",4491
3371,"wychodzimy",4487
3372,"rzadko",4482
3373,"odwagi",4482
3374,"nazwać",4481
3375,"powoduje",4479
3376,"pozostałych",4478
3377,"jork",4478
3378,"nauki",4469
3379,"zadziała",4468
3380,"pracują",4468
3381,"spadamy",4468
3382,"poznałam",4464
3383,"kule",4463
3384,"myśleliśmy",4463
3385,"pozostaje",4456
3386,"powiedzcie",4455
3387,"stanowisko",4453
3388,"sekundę",4453
3389,"cena",4453
3390,"butelkę",4450
3391,"wyślij",4450
3392,"pańską",4449
3393,"przyszłaś",4444
3394,"wskazuje",4443
3395,"kończyć",4441
3396,"telefony",4437
3397,"bić",4435
3398,"lekarze",4433
3399,"oczami",4433
3400,"zakład",4433
3401,"pożyczyć",4432
3402,"posiada",4432
3403,"długie",4429
3404,"chłopaków",4427
3405,"nosisz",4426
3406,"zapytam",4425
3407,"andrew",4424
3408,"łap",4423
3409,"londynu",4423
3410,"gdyż",4414
3411,"maszyna",4414
3412,"ziemią",4411
3413,"uwierzysz",4411
3414,"przejdzie",4410
3415,"tajne",4409
3416,"aresztować",4408
3417,"pierścień",4406
3418,"dyrektor",4404
3419,"torbę",4404
3420,"mordercą",4403
3421,"wyrzucić",4402
3422,"kupię",4400
3423,"szalone",4399
3424,"barry",4399
3425,"poszli",4398
3426,"zabawić",4398
3427,"miejmy",4395
3428,"skontaktować",4395
3429,"papiery",4391
3430,"laski",4388
3431,"sally",4388
3432,"zaproszenie",4387
3433,"skórę",4386
3434,"dziewczynie",4385
3435,"mięso",4380
3436,"kontrakt",4379
3437,"płacić",4378
3438,"miesiąca",4377
3439,"idealny",4377
3440,"wracasz",4375
3441,"morgan",4374
3442,"johnson",4373
3443,"największy",4372
3444,"zdrowia",4371
3445,"podłodze",4371
3446,"cierpi",4369
3447,"chloe",4368
3448,"morze",4366
3449,"puszczaj",4366
3450,"jajka",4366
3451,"niebezpieczeństwie",4364
3452,"śpisz",4364
3453,"oficjalnie",4363
3454,"zacznijmy",4362
3455,"szczęśliwi",4362
3456,"tez",4362
3457,"zakładam",4361
3458,"stawiam",4360
3459,"głupio",4359
3460,"krzywdy",4357
3461,"draniu",4356
3462,"hollywood",4352
3463,"cudowny",4349
3464,"odwiedź",4349
3465,"zdajesz",4348
3466,"mistrzem",4346
3467,"robili",4344
3468,"wybrał",4344
3469,"powiemy",4343
3470,"kochają",4343
3471,"skurwielu",4341
3472,"doświadczenia",4340
3473,"kota",4340
3474,"zasięgu",4340
3475,"jeździć",4338
3476,"gorsze",4338
3477,"pracą",4337
3478,"przesłuchanie",4333
3479,"śladu",4332
3480,"ślad",4330
3481,"dojść",4330
3482,"zajmujesz",4329
3483,"prawem",4326
3484,"fred",4325
3485,"major",4324
3486,"frankie",4324
3487,"zgłoś",4323
3488,"wrogów",4321
3489,"duchy",4321
3490,"el",4321
3491,"big",4321
3492,"osiągnąć",4315
3493,"środki",4315
3494,"poradzisz",4313
3495,"głosu",4313
3496,"jadą",4311
3497,"pustyni",4309
3498,"pokaże",4309
3499,"morza",4308
3500,"światem",4306
3501,"dupsko",4306
3502,"kolega",4303
3503,"choroba",4300
3504,"wygrał",4298
3505,"is",4298
3506,"poszukać",4294
3507,"prosiłem",4293
3508,"słyszycie",4293
3509,"odpowiedzialność",4293
3510,"poprosił",4290
3511,"all",4289
3512,"niebezpieczeństwo",4288
3513,"piosenka",4287
3514,"liz",4285
3515,"umiejętności",4284
3516,"pacjenta",4282
3517,"ostrzec",4282
3518,"postaram",4282
3519,"wyrok",4281
3520,"romans",4281
3521,"kilo",4279
3522,"gardło",4279
3523,"prace",4278
3524,"skurwiel",4278
3525,"odbierz",4277
3526,"wchodź",4276
3527,"pytać",4275
3528,"dłoń",4274
3529,"choroby",4274
3530,"porozmawiajmy",4273
3531,"agentem",4270
3532,"zabójstwo",4270
3533,"dwoma",4269
3534,"lekarstwo",4267
3535,"wchodzić",4266
3536,"rozwiązać",4266
3537,"lily",4260
3538,"rick",4259
3539,"dostaliśmy",4259
3540,"pachnie",4258
3541,"frodo",4257
3542,"nogami",4256
3543,"odpuść",4256
3544,"jersey",4254
3545,"najwyższy",4254
3546,"czuł",4253
3547,"płacz",4253
3548,"katie",4252
3549,"pieprzona",4252
3550,"be",4252
3551,"poczujesz",4251
3552,"zostaniemy",4250
3553,"zaczęli",4246
3554,"babciu",4244
3555,"punktów",4243
3556,"zwierzę",4237
3557,"partner",4235
3558,"meczu",4234
3559,"forsa",4233
3560,"stworzyć",4232
3561,"wróg",4232
3562,"lou",4231
3563,"kochamy",4230
3564,"firmę",4230
3565,"kapelusz",4229
3566,"tyler",4229
3567,"zagrożenie",4228
3568,"żarty",4227
3569,"spodziewałem",4227
3570,"zasługuje",4225
3571,"zapomnę",4225
3572,"każ",4224
3573,"zamknięta",4217
3574,"parker",4213
3575,"ulubiony",4211
3576,"zajmuję",4208
3577,"wrota",4208
3578,"tatę",4207
3579,"pacjentów",4207
3580,"lady",4206
3581,"maggie",4206
3582,"załatw",4201
3583,"świadkiem",4197
3584,"klienta",4196
3585,"natury",4195
3586,"byście",4195
3587,"tamtym",4195
3588,"doug",4195
3589,"wyraźnie",4194
3590,"specjalne",4194
3591,"twardy",4193
3592,"kupę",4191
3593,"bogaty",4190
3594,"któregoś",4189
3595,"doskonały",4189
3596,"numery",4188
3597,"most",4188
3598,"choćby",4187
3599,"roger",4187
3600,"wpływ",4185
3601,"cudem",4184
3602,"głównym",4181
3603,"pytaj",4181
3604,"przeszkadzam",4179
3605,"lody",4178
3606,"dokonać",4178
3607,"liczba",4178
3608,"bohater",4178
3609,"gorąca",4177
3610,"yo",4177
3611,"kobiecie",4176
3612,"niektórych",4176
3613,"Edward",4174
3614,"niezupełnie",4173
3615,"paryża",4167
3616,"leć",4166
3617,"panienko",4166
3618,"stół",4165
3619,"zapraszam",4164
3620,"st",4163
3621,"pomagać",4162
3622,"pożegnać",4161
3623,"rozmawiałeś",4160
3624,"dowiedziałem",4159
3625,"źródła",4159
3626,"przyniosłem",4158
3627,"mleko",4158
3628,"baru",4157
3629,"wtorek",4155
3630,"pamiętajcie",4155
3631,"trzeciej",4155
3632,"przyjęcia",4154
3633,"głodu",4153
3634,"rzucił",4152
3635,"głodna",4152
3636,"rozmawiałam",4150
3637,"podjąć",4149
3638,"chcielibyśmy",4148
3639,"zadzwoni",4147
3640,"bolało",4145
3641,"jakichś",4145
3642,"chcieć",4143
3643,"dużego",4139
3644,"linię",4136
3645,"opowieść",4135
3646,"konto",4133
3647,"obiekt",4132
3648,"dłoni",4131
3649,"bezpieczni",4131
3650,"porozmawiam",4131
3651,"mili",4128
3652,"wsparcia",4127
3653,"poznaliśmy",4126
3654,"pomysły",4125
3655,"opowiem",4124
3656,"dziewczyno",4122
3657,"typ",4121
3658,"płaszcz",4121
3659,"ho",4120
3660,"dziwką",4117
3661,"powody",4115
3662,"dean",4114
3663,"Francisco",4113
3664,"warta",4108
3665,"wejdzie",4107
3666,"bal",4106
3667,"wyjdziemy",4106
3668,"dusza",4105
3669,"kazałem",4104
3670,"okręt",4104
3671,"kup",4104
3672,"ukraść",4103
3673,"mówicie",4102
3674,"powtórzyć",4102
3675,"mr",4101
3676,"ofiarą",4101
3677,"samemu",4101
3678,"pola",4100
3679,"pomyślał",4100
3680,"uratował",4097
3681,"dojdzie",4097
3682,"howard",4097
3683,"zapomniał",4093
3684,"armię",4092
3685,"umowy",4092
3686,"huh",4092
3687,"praktycznie",4091
3688,"trafić",4091
3689,"próbują",4088
3690,"Buffy",4088
3691,"opuścił",4087
3692,"przyjąłem",4087
3693,"ruszajcie",4085
3694,"miliona",4083
3695,"victor",4083
3696,"linia",4081
3697,"dzwoniła",4080
3698,"zarobić",4080
3699,"komputera",4079
3700,"kawałków",4079
3701,"pocałować",4077
3702,"kłamstwa",4075
3703,"odnośnie",4074
3704,"szampana",4074
3705,"laska",4073
3706,"adwokata",4073
3707,"ulicę",4063
3708,"nauczyłem",4060
3709,"słucha",4060
3710,"rozumiemy",4060
3711,"zginęli",4059
3712,"noga",4059
3713,"jebany",4059
3714,"zmianę",4058
3715,"znalazłaś",4055
3716,"szeryf",4054
3717,"wynik",4049
3718,"przychodzą",4048
3719,"pomówić",4044
3720,"Paula",4044
3721,"przyszli",4043
3722,"przestał",4043
3723,"płakać",4042
3724,"poważna",4042
3725,"pocałuj",4040
3726,"żal",4037
3727,"mamusia",4036
3728,"obowiązek",4035
3729,"drzwiach",4034
3730,"kłamać",4034
3731,"weźmie",4034
3732,"ctu",4034
3733,"powiedziałbym",4033
3734,"kapitanem",4033
3735,"wirus",4029
3736,"wychodzisz",4028
3737,"wielkich",4026
3738,"garnitur",4025
3739,"prezydentem",4024
3740,"zginiemy",4022
3741,"senator",4022
3742,"mać",4021
3743,"wściekły",4020
3744,"pytał",4018
3745,"pełną",4014
3746,"sprzedaż",4014
3747,"ubranie",4013
3748,"wojsko",4012
3749,"oddzwonię",4008
3750,"randka",4004
3751,"porę",4000
3752,"więzienie",3998
3753,"zachowujesz",3997
3754,"niebieski",3996
3755,"kupa",3996
3756,"abby",3996
3757,"wydziału",3995
3758,"skończyłeś",3993
3759,"pewnej",3992
3760,"naprawde",3991
3761,"zginęła",3990
3762,"gary",3990
3763,"toalety",3989
3764,"momentu",3986
3765,"pojechał",3985
3766,"maja",3982
3767,"sprowadza",3981
3768,"wbrew",3980
3769,"wzięła",3976
3770,"skończ",3975
3771,"tekst",3974
3772,"wydać",3973
3773,"marzenie",3969
3774,"pracowników",3969
3775,"obcych",3968
3776,"grze",3966
3777,"taksówkę",3965
3778,"rozmawia",3965
3779,"wiedząc",3964
3780,"baby",3964
3781,"idiotą",3960
3782,"planetę",3960
3783,"lotnisku",3959
3784,"któryś",3958
3785,"złaź",3957
3786,"zaczną",3955
3787,"zajęło",3955
3788,"podejrzany",3955
3789,"niespodziankę",3954
3790,"jezusa",3954
3791,"krótko",3953
3792,"telefonów",3952
3793,"tajemnica",3950
3794,"wyciągnij",3948
3795,"następną",3947
3796,"lista",3942
3797,"pożar",3942
3798,"dosłownie",3937
3799,"mowa",3937
3800,"Marie",3935
3801,"napad",3934
3802,"poniżej",3934
3803,"łazience",3933
3804,"dziwko",3932
3805,"scenę",3931
3806,"kumpla",3929
3807,"ważniejsze",3928
3808,"piekle",3927
3809,"ostro",3927
3810,"szalona",3926
3811,"świadka",3922
3812,"ślepy",3922
3813,"Donna",3922
3814,"zdolności",3921
3815,"kamerę",3920
3816,"anioł",3917
3817,"sny",3913
3818,"dziurę",3913
3819,"linie",3911
3820,"uniknąć",3910
3821,"baw",3909
3822,"wyspę",3906
3823,"ciepło",3904
3824,"portfel",3904
3825,"pierdolę",3903
3826,"kiepsko",3900
3827,"śpiewać",3900
3828,"załogi",3899
3829,"słodka",3899
3830,"życzenie",3898
3831,"patrick",3897
3832,"zaufanie",3895
3833,"stanąć",3893
3834,"spóźnienie",3893
3835,"resztą",3892
3836,"biegiem",3890
3837,"wpadłem",3889
3838,"lekcje",3889
3839,"policjant",3885
3840,"wyjątkowy",3884
3841,"każdemu",3883
3842,"kółko",3883
3843,"zostańcie",3883
3844,"któremu",3883
3845,"karierę",3883
3846,"podejść",3881
3847,"kurczaka",3879
3848,"jedz",3878
3849,"strzały",3878
3850,"zastrzel",3878
3851,"przetrwać",3878
3852,"odchodzę",3877
3853,"skarb",3874
3854,"ukrywa",3873
3855,"zostawiłeś",3872
3856,"dowodzi",3872
3857,"niesamowity",3870
3858,"up",3870
3859,"podejrzanego",3870
3860,"rządzi",3869
3861,"gorące",3869
3862,"ruszyć",3867
3863,"poznał",3867
3864,"telewizor",3865
3865,"przerwać",3857
3866,"carlos",3855
3867,"trzecia",3853
3868,"em",3852
3869,"zamienić",3849
3870,"prawnikiem",3848
3871,"największym",3848
3872,"kontrola",3846
3873,"białego",3844
3874,"mordercy",3844
3875,"poziomie",3844
3876,"komórkę",3843
3877,"wartości",3841
3878,"for",3841
3879,"mocniej",3839
3880,"zmian",3835
3881,"sprawdzam",3835
3882,"błędy",3834
3883,"data",3833
3884,"skończyłam",3831
3885,"lekko",3829
3886,"stron",3825
3887,"ryzykować",3824
3888,"miss",3823
3889,"kutas",3823
3890,"siłą",3821
3891,"spotkaniu",3820
3892,"nóg",3819
3893,"boją",3818
3894,"pieniędzmi",3817
3895,"pojawi",3816
3896,"wyłącznie",3815
3897,"start",3815
3898,"przypominam",3814
3899,"fantastycznie",3814
3900,"składa",3813
3901,"partnera",3813
3902,"godzinie",3812
3903,"burza",3812
3904,"zielone",3811
3905,"towarzystwa",3809
3906,"samochodów",3809
3907,"ciasto",3809
3908,"pary",3808
3909,"tłum",3807
3910,"zmierza",3806
3911,"przeszedł",3806
3912,"marcus",3806
3913,"opieki",3805
3914,"uważają",3803
3915,"szeryfa",3803
3916,"bok",3802
3917,"winna",3802
3918,"spał",3800
3919,"obaw",3799
3920,"jedźmy",3798
3921,"myślałaś",3798
3922,"nazwał",3798
3923,"skupić",3797
3924,"ruszajmy",3797
3925,"pańskim",3796
3926,"puścić",3794
3927,"robiliśmy",3794
3928,"miller",3789
3929,"wyjechał",3789
3930,"taak",3789
3931,"rośnie",3788
3932,"kradzież",3786
3933,"poczuć",3784
3934,"zwolnić",3784
3935,"miejscem",3783
3936,"ameryka",3783
3937,"rachunki",3782
3938,"Jesse",3782
3939,"Sophie",3782
3940,"baza",3781
3941,"zwariowałeś",3780
3942,"upewnij",3775
3943,"dziecku",3774
3944,"próbujemy",3771
3945,"niedzielę",3771
3946,"wrażeniem",3771
3947,"nadzieja",3770
3948,"nastroju",3770
3949,"odsunąć",3770
3950,"napisałem",3768
3951,"miłością",3767
3952,"tracy",3767
3953,"herbatę",3763
3954,"piosenki",3760
3955,"czarną",3760
3956,"wstań",3759
3957,"miles",3759
3958,"przespać",3757
3959,"zachowywać",3757
3960,"bywa",3756
3961,"jednocześnie",3755
3962,"zasilanie",3753
3963,"podłogę",3753
3964,"książce",3753
3965,"twojemu",3752
3966,"przychodzić",3752
3967,"firmie",3750
3968,"dick",3749
3969,"roli",3746
3970,"dziury",3746
3971,"wchodzisz",3745
3972,"ciężka",3744
3973,"zadania",3742
3974,"praw",3742
3975,"obudzić",3742
3976,"zebrać",3741
3977,"spadł",3741
3978,"słusznie",3740
3979,"alfa",3738
3980,"pada",3737
3981,"zabawę",3737
3982,"spojrzenie",3736
3983,"wyłaź",3735
3984,"przemocy",3733
3985,"powiedziano",3733
3986,"przestrzeni",3732
3987,"schowaj",3729
3988,"skup",3727
3989,"honor",3724
3990,"ścianie",3723
3991,"kuzyn",3721
3992,"włącz",3719
3993,"kanał",3715
3994,"Catherine",3715
3995,"dzieciom",3714
3996,"lepszym",3714
3997,"wzdłuż",3714
3998,"cooper",3714
3999,"babci",3713
4000,"wspaniałą",3708
4001,"bałem",3707
4002,"karta",3706
4003,"butów",3704
4004,"zabiera",3704
4005,"potwór",3703
4006,"kina",3702
4007,"drogie",3699
4008,"zadaniem",3698
4009,"mieliście",3696
4010,"uciekajcie",3695
4011,"wiedzieliśmy",3693
4012,"cele",3692
4013,"płacę",3689
4014,"przeszkadzać",3688
4015,"pytałem",3687
4016,"Vincent",3684
4017,"mistrza",3682
4018,"krzyczeć",3679
4019,"domów",3677
4020,"sposobem",3675
4021,"ciuchy",3675
4022,"kiepski",3674
4023,"zniknęła",3674
4024,"kamera",3673
4025,"uwielbia",3673
4026,"wrócą",3672
4027,"podobają",3672
4028,"ludzkości",3669
4029,"uderzyć",3667
4030,"pokazuje",3665
4031,"zostałam",3665
4032,"straty",3664
4033,"zmieniła",3663
4034,"torby",3662
4035,"rękami",3661
4036,"papierosa",3661
4037,"stworzył",3660
4038,"wujka",3659
4039,"dotknąć",3658
4040,"mylę",3657
4041,"księcia",3657
4042,"złotko",3656
4043,"kolejnego",3656
4044,"dennis",3655
4045,"angela",3652
4046,"troche",3651
4047,"każe",3650
4048,"książek",3650
4049,"wysłałem",3647
4050,"teoria",3647
4051,"granicę",3647
4052,"dostarczyć",3644
4053,"piszę",3644
4054,"ścianę",3644
4055,"zdolny",3644
4056,"paliwa",3643
4057,"miałabym",3642
4058,"usunąć",3641
4059,"tys",3641
4060,"penny",3641
4061,"so",3640
4062,"dowiesz",3640
4063,"planem",3639
4064,"próbę",3638
4065,"umierać",3638
4066,"dziadku",3636
4067,"licha",3634
4068,"agentów",3634
4069,"obozu",3634
4070,"ryba",3632
4071,"spust",3631
4072,"plotki",3631
4073,"ustalić",3630
4074,"podobny",3630
4075,"obecności",3629
4076,"padnij",3629
4077,"kolei",3628
4078,"uderzenie",3627
4079,"siedź",3626
4080,"przeprowadzić",3624
4081,"beth",3620
4082,"puste",3619
4083,"west",3618
4084,"zjedz",3618
4085,"porno",3618
4086,"dziwki",3614
4087,"zaczęliśmy",3613
4088,"psem",3612
4089,"szyi",3612
4090,"żyła",3611
4091,"starą",3610
4092,"wysokie",3610
4093,"porządek",3609
4094,"poddać",3609
4095,"magii",3609
4096,"małżeństwa",3607
4097,"idealne",3606
4098,"wyglądała",3605
4099,"pracowała",3603
4100,"lasu",3602
4101,"dołączyć",3600
4102,"przygotujcie",3599
4103,"dokończyć",3598
4104,"powierzchni",3598
4105,"oku",3598
4106,"przechodzi",3597
4107,"wygrywa",3596
4108,"fajna",3594
4109,"prędkość",3593
4110,"pierścionek",3592
4111,"julia",3590
4112,"pilot",3589
4113,"swych",3589
4114,"większości",3585
4115,"centów",3585
4116,"nocą",3584
4117,"statki",3583
4118,"zatrzymał",3582
4119,"drań",3582
4120,"dvdrip",3581
4121,"spotykać",3581
4122,"planów",3581
4123,"agencji",3581
4124,"spada",3580
4125,"silna",3578
4126,"bierzemy",3575
4127,"zgadnę",3574
4128,"zaskoczony",3573
4129,"zapłacisz",3573
4130,"abyśmy",3572
4131,"chore",3571
4132,"pozostali",3570
4133,"lekarstwa",3570
4134,"greg",3570
4135,"znoszę",3569
4136,"wyślę",3567
4137,"wybierz",3567
4138,"helikopter",3567
4139,"wideo",3566
4140,"pudełko",3565
4141,"humoru",3563
4142,"stoję",3563
4143,"zapłaci",3561
4144,"zasnąć",3561
4145,"rozum",3560
4146,"planeta",3560
4147,"lodu",3558
4148,"spróbujmy",3558
4149,"tunel",3558
4150,"włączyć",3555
4151,"pojedziesz",3555
4152,"kościele",3554
4153,"sprawdziłem",3554
4154,"zmieniają",3553
4155,"brown",3551
4156,"przestaniesz",3551
4157,"rocky",3551
4158,"poznaj",3550
4159,"whisky",3549
4160,"dowódca",3548
4161,"pewności",3548
4162,"pozostałe",3548
4163,"opowieści",3546
4164,"byłbyś",3546
4165,"pokazał",3546
4166,"zabójcy",3544
4167,"zabicie",3543
4168,"garażu",3539
4169,"chodzisz",3539
4170,"mięsa",3537
4171,"powstrzyma",3536
4172,"skurwysyn",3536
4173,"ufasz",3536
4174,"ptak",3535
4175,"kieruje",3534
4176,"inspektorze",3533
4177,"różnicy",3533
4178,"wychodź",3532
4179,"próbki",3531
4180,"decyzje",3530
4181,"pułapka",3530
4182,"samotna",3530
4183,"ostrzeżenie",3529
4184,"bezpośrednio",3529
4185,"przyszliśmy",3528
4186,"zamku",3526
4187,"interesów",3524
4188,"wzrok",3524
4189,"dzwoniłem",3523
4190,"chrystusa",3522
4191,"wezwij",3521
4192,"wrogiem",3520
4193,"wskakuj",3520
4194,"uczuć",3518
4195,"earl",3518
4196,"ogromne",3517
4197,"właścicielem",3514
4198,"sukienkę",3513
4199,"stanowiska",3512
4200,"anne",3512
4201,"potrzebowała",3511
4202,"miłej",3511
4203,"gazu",3509
4204,"ego",3508
4205,"piłka",3505
4206,"sprowadzić",3504
4207,"sieć",3504
4208,"odchodź",3504
4209,"gwiazd",3503
4210,"śnie",3502
4211,"powtórz",3501
4212,"płynie",3501
4213,"sprawiedliwość",3500
4214,"propozycję",3498
4215,"dałam",3498
4216,"kara",3497
4217,"zbieg",3495
4218,"zwłoki",3495
4219,"nadchodzą",3493
4220,"zwykłe",3491
4221,"skrzydła",3491
4222,"fakty",3487
4223,"zgubiłem",3485
4224,"żywego",3484
4225,"samolocie",3484
4226,"pierdolone",3484
4227,"lecę",3480
4228,"palić",3480
4229,"biorą",3478
4230,"ochoty",3478
4231,"lato",3477
4232,"strój",3474
4233,"plecami",3474
4234,"liczby",3474
4235,"członków",3473
4236,"biurku",3471
4237,"laura",3471
4238,"róbcie",3471
4239,"mieszkał",3469
4240,"chodzę",3469
4241,"stacja",3469
4242,"wybieram",3469
4243,"umierają",3468
4244,"próby",3468
4245,"rozmawiasz",3467
4246,"starej",3466
4247,"wariat",3466
4248,"odwal",3464
4249,"wspaniałym",3464
4250,"przekaż",3464
4251,"dług",3464
4252,"lód",3460
4253,"liczę",3459
4254,"kobietami",3459
4255,"czoła",3459
4256,"obiecałeś",3458
4257,"próbowałeś",3458
4258,"pilnować",3458
4259,"służy",3458
4260,"spierdalaj",3458
4261,"zabójstwa",3457
4262,"tył",3456
4263,"wiedzy",3449
4264,"gniew",3449
4265,"skacz",3449
4266,"wirusa",3448
4267,"rodzicami",3447
4268,"hałas",3446
4269,"głupiego",3446
4270,"miewa",3446
4271,"zabierzemy",3445
4272,"odwagę",3444
4273,"kontaktu",3444
4274,"dużym",3443
4275,"postaraj",3442
4276,"poczta",3442
4277,"przyjemności",3442
4278,"wysiadaj",3441
4279,"wioski",3441
4280,"wyszedłem",3441
4281,"zauważył",3441
4282,"vince",3440
4283,"właź",3439
4284,"kierowca",3438
4285,"zapłacił",3437
4286,"rzymu",3437
4287,"niżej",3436
4288,"ledwie",3435
4289,"patrząc",3435
4290,"alkohol",3435
4291,"pragnie",3434
4292,"otworzę",3434
4293,"pieprzoną",3433
4294,"przeprosiny",3432
4295,"teddy",3432
4296,"młodą",3431
4297,"ofertę",3430
4298,"strażników",3429
4299,"przestanie",3429
4300,"sercem",3428
4301,"trupem",3427
4302,"zginiesz",3427
4303,"zaprosić",3427
4304,"dzielnicy",3427
4305,"karetkę",3427
4306,"emeryturę",3426
4307,"nożem",3425
4308,"don't",3424
4309,"przyprowadź",3424
4310,"king",3422
4311,"delikatnie",3422
4312,"prochy",3422
4313,"próbowała",3421
4314,"dżungli",3421
4315,"nastąpi",3420
4316,"megan",3419
4317,"nazywamy",3417
4318,"dzieło",3416
4319,"czytasz",3416
4320,"connor",3416
4321,"zginęło",3414
4322,"ludzkiej",3413
4323,"jednakże",3412
4324,"fox",3412
4325,"prowadził",3411
4326,"niezwykle",3408
4327,"dało",3407
4328,"dziewczynką",3406
4329,"lord",3406
4330,"wygra",3405
4331,"pozycje",3404
4332,"zemsty",3403
4333,"spróbujemy",3403
4334,"ogromny",3401
4335,"zdrowy",3401
4336,"historie",3398
4337,"skok",3398
4338,"punkty",3397
4339,"prawnik",3395
4340,"bitwy",3392
4341,"cieszy",3392
4342,"wymyślić",3390
4343,"wręcz",3389
4344,"języka",3389
4345,"oczekuję",3386
4346,"toast",3386
4347,"jennifer",3385
4348,"rozdział",3383
4349,"każę",3382
4350,"przynosi",3382
4351,"gruby",3382
4352,"straż",3381
4353,"myślała",3381
4354,"robiłam",3380
4355,"zamknijcie",3377
4356,"ian",3377
4357,"znaleźliście",3376
4358,"przestępstwo",3376
4359,"rozpocząć",3374
4360,"cięcie",3374
4361,"zajebiście",3373
4362,"nadaje",3372
4363,"konta",3372
4364,"trzecie",3371
4365,"bogów",3369
4366,"domyślam",3368
4367,"taśmę",3368
4368,"lekcji",3367
4369,"wierzą",3367
4370,"powodem",3366
4371,"dotykać",3366
4372,"brał",3365
4373,"żartowałem",3362
4374,"sid",3362
4375,"get",3361
4376,"wygrałem",3360
4377,"wprowadzić",3360
4378,"dzieciaków",3360
4379,"dłonie",3358
4380,"zobaczą",3356
4381,"panny",3355
4382,"ni",3354
4383,"śmiesz",3353
4384,"nazwa",3353
4385,"ciał",3352
4386,"proponuję",3352
4387,"spokojny",3351
4388,"wizytę",3348
4389,"madame",3348
4390,"jamie",3348
4391,"członkiem",3347
4392,"wolnego",3344
4393,"zastrzelił",3344
4394,"hot",3343
4395,"martwisz",3342
4396,"podzielić",3341
4397,"symbol",3341
4398,"głosy",3340
4399,"snów",3340
4400,"kolesia",3338
4401,"stoisz",3337
4402,"pusty",3337
4403,"charlotte",3337
4404,"zauważyłeś",3336
4405,"mordę",3335
4406,"znajomych",3333
4407,"badanie",3333
4408,"logan",3332
4409,"zrobiliście",3332
4410,"zostajesz",3331
4411,"tamtą",3331
4412,"audrey",3330
4413,"obowiązki",3330
4414,"bum",3330
4415,"zmusić",3330
4416,"dziecinko",3328
4417,"know",3327
4418,"świetle",3326
4419,"panienki",3326
4420,"skurwysynu",3325
4421,"opuść",3325
4422,"załoga",3325
4423,"młodych",3325
4424,"tunelu",3325
4425,"postać",3324
4426,"wybuch",3323
4427,"gapisz",3323
4428,"sonny",3322
4429,"bauer",3321
4430,"ładunek",3320
4431,"zazdrosny",3318
4432,"michaela",3318
4433,"jen",3316
4434,"większą",3315
4435,"podobnego",3315
4436,"walcz",3315
4437,"pocałunek",3315
4438,"białym",3314
4439,"jo",3314
4440,"uczy",3313
4441,"klasa",3313
4442,"zwolniony",3312
4443,"walczy",3311
4444,"słyszeliśmy",3311
4445,"zachowuje",3309
4446,"przyznaję",3309
4447,"ron",3306
4448,"powtarzać",3304
4449,"hm",3304
4450,"stałem",3303
4451,"rozmiar",3302
4452,"ekipa",3302
4453,"pam",3302
4454,"daisy",3301
4455,"szczyt",3300
4456,"cudowna",3295
4457,"grupę",3294
4458,"przyjęciu",3293
4459,"ciężarówki",3293
4460,"bije",3290
4461,"black",3288
4462,"filmów",3287
4463,"wstrzymać",3285
4464,"specjalnego",3285
4465,"zębów",3283
4466,"wyścig",3283
4467,"lubiłem",3281
4468,"sprawdźcie",3279
4469,"smak",3277
4470,"papier",3277
4471,"diabli",3276
4472,"napijesz",3275
4473,"bramę",3275
4474,"spytaj",3275
4475,"żarcie",3274
4476,"wstawać",3273
4477,"pozostanie",3273
4478,"zrobiło",3273
4479,"bazie",3272
4480,"żołnierz",3272
4481,"złamać",3271
4482,"śnieg",3269
4483,"włożyć",3269
4484,"skóra",3269
4485,"jacy",3268
4486,"wyspa",3268
4487,"pieprzonym",3266
4488,"with",3266
4489,"próbując",3265
4490,"dostępu",3265
4491,"racje",3264
4492,"nauka",3264
4493,"patrzył",3264
4494,"cm",3264
4495,"josh",3263
4496,"władze",3260
4497,"wybaczy",3259
4498,"straciłam",3258
4499,"przejąć",3256
4500,"miałbyś",3256
4501,"bogowie",3256
4502,"przybycie",3255
4503,"zgodził",3254
4504,"carol",3254
4505,"zdania",3253
4506,"zostawiaj",3251
4507,"świeże",3249
4508,"stolik",3249
4509,"kość",3249
4510,"prawnika",3247
4511,"poczekajcie",3247
4512,"wagi",3247
4513,"przyjechałeś",3246
4514,"próbować",3246
4515,"it's",3245
4516,"wieży",3245
4517,"model",3245
4518,"dupa",3243
4519,"drobne",3241
4520,"pij",3241
4521,"słuchu",3240
4522,"wygrałeś",3240
4523,"znaki",3240
4524,"poradzimy",3239
4525,"siedmiu",3236
4526,"wygląd",3236
4527,"informację",3234
4528,"domy",3233
4529,"trzymają",3232
4530,"skończone",3231
4531,"kimkolwiek",3230
4532,"zmieniać",3230
4533,"oskarżony",3229
4534,"junior",3229
4535,"gościu",3228
4536,"ściśle",3228
4537,"brachu",3226
4538,"mapę",3225
4539,"wyrwać",3224
4540,"ann",3224
4541,"zaginął",3223
4542,"oczekuje",3221
4543,"kumple",3221
4544,"transport",3220
4545,"komandorze",3220
4546,"wybiera",3217
4547,"obrzydliwe",3217
4548,"myśleli",3217
4549,"bohatera",3217
4550,"umysłu",3217
4551,"jill",3217
4552,"otwierać",3216
4553,"psów",3216
4554,"blue",3216
4555,"stań",3215
4556,"zwykła",3213
4557,"samoloty",3213
4558,"zaczynać",3213
4559,"przeraża",3212
4560,"wrócili",3212
4561,"okropny",3211
4562,"kupy",3209
4563,"spotkał",3209
4564,"odwrócić",3209
4565,"white",3208
4566,"wracajmy",3206
4567,"ślubie",3206
4568,"whoa",3206
4569,"prezenty",3205
4570,"właściciel",3204
4571,"morzu",3204
4572,"sprawdźmy",3202
4573,"małżeństwem",3202
4574,"normalny",3202
4575,"popełnił",3201
4576,"poważnego",3200
4577,"następnej",3200
4578,"księżniczka",3198
4579,"związane",3198
4580,"palant",3198
4581,"uciekła",3196
4582,"zdenerwowany",3196
4583,"pośród",3196
4584,"znajdziecie",3196
4585,"uderz",3195
4586,"marshall",3195
4587,"zbadać",3195
4588,"doktorku",3195
4589,"wyobrażasz",3194
4590,"cieszyć",3194
4591,"poczekam",3194
4592,"koncert",3192
4593,"całość",3190
4594,"rosji",3188
4595,"ceny",3188
4596,"popatrzcie",3188
4597,"większego",3187
4598,"głównej",3182
4599,"góra",3181
4600,"dziesięciu",3180
4601,"numeru",3179
4602,"postaw",3179
4603,"randy",3179
4604,"potrzebujecie",3178
4605,"wygodnie",3176
4606,"niesamowita",3176
4607,"porozmawiaj",3176
4608,"tymczasem",3175
4609,"wraith",3175
4610,"pojawia",3174
4611,"stracisz",3174
4612,"byl",3173
4613,"próbowali",3173
4614,"wzięli",3172
4615,"twe",3172
4616,"bawisz",3172
4617,"postaci",3172
4618,"połącz",3172
4619,"zrobiłbym",3169
4620,"niezwykłe",3168
4621,"ulicach",3168
4622,"brad",3168
4623,"zeznania",3167
4624,"oświadczenie",3167
4625,"przyjechała",3167
4626,"prowadzą",3165
4627,"stali",3164
4628,"odpowiedni",3164
4629,"stołu",3163
4630,"przyszły",3162
4631,"policjantem",3161
4632,"spędziłem",3161
4633,"największe",3160
4634,"martwe",3160
4635,"scully",3160
4636,"nathan",3160
4637,"świetnym",3159
4638,"przepraszamy",3158
4639,"spałem",3158
4640,"odejdę",3158
4641,"osobie",3158
4642,"powrocie",3158
4643,"tyłka",3157
4644,"występ",3156
4645,"formie",3155
4646,"strażnik",3153
4647,"namierzyć",3153
4648,"nienawidzisz",3152
4649,"przekonany",3152
4650,"wejdziesz",3151
4651,"potter",3151
4652,"obserwować",3150
4653,"zobaczyłam",3149
4654,"świetną",3149
4655,"królowej",3148
4656,"zaledwie",3147
4657,"oba",3146
4658,"doskonałe",3143
4659,"zawiera",3142
4660,"traci",3141
4661,"gada",3141
4662,"zgłosić",3140
4663,"zjemy",3140
4664,"panów",3140
4665,"zaatakował",3139
4666,"dziewczęta",3139
4667,"potwierdzić",3139
4668,"spotykamy",3138
4669,"jacyś",3138
4670,"bani",3138
4671,"aparat",3136
4672,"niesamowicie",3135
4673,"allplayer",3134
4674,"ramiona",3133
4675,"młodego",3133
4676,"powiedzą",3132
4677,"tańca",3132
4678,"przeczytaj",3132
4679,"wyzwanie",3132
4680,"skończymy",3131
4681,"jednostka",3131
4682,"grzeczny",3129
4683,"zaczęłam",3128
4684,"pijesz",3128
4685,"zabierzesz",3127
4686,"tamto",3127
4687,"sprzed",3127
4688,"kurcze",3126
4689,"wątpienia",3125
4690,"usług",3125
4691,"dusze",3123
4692,"koszulę",3123
4693,"zaufania",3123
4694,"wyjeżdżam",3122
4695,"oj",3122
4696,"prąd",3121
4697,"motelu",3121
4698,"obszar",3120
4699,"śpij",3119
4700,"tatusia",3118
4701,"sprzedaje",3118
4702,"złapał",3117
4703,"kurewsko",3117
4704,"wielkości",3116
4705,"przestrzeń",3114
4706,"mogliby",3112
4707,"grają",3112
4708,"matthew",3112
4709,"nazwę",3111
4710,"pozostało",3110
4711,"zielony",3109
4712,"czarnych",3108
4713,"cień",3107
4714,"dostaję",3106
4715,"spotyka",3106
4716,"chorobę",3106
4717,"paige",3104
4718,"kopię",3103
4719,"więźniów",3103
4720,"pogoda",3102
4721,"przewagę",3101
4722,"służbie",3099
4723,"księżyca",3098
4724,"floty",3098
4725,"silniki",3098
4726,"psie",3097
4727,"wieczora",3095
4728,"obozie",3095
4729,"próbowaliśmy",3094
4730,"potwora",3093
4731,"strzela",3093
4732,"zoo",3093
4733,"bingo",3093
4734,"se",3092
4735,"jem",3091
4736,"wzajemnie",3091
4737,"wyrzuć",3090
4738,"zimna",3089
4739,"linda",3089
4740,"wydajesz",3088
4741,"stworzenia",3085
4742,"skończona",3084
4743,"laskę",3084
4744,"przejdźmy",3083
4745,"dodać",3081
4746,"zrozumiał",3081
4747,"młodzi",3079
4748,"żołnierzem",3079
4749,"nicky",3078
4750,"brzuch",3077
4751,"radości",3076
4752,"scenie",3076
4753,"dobro",3075
4754,"ptaki",3075
4755,"dodatkowe",3074
4756,"spotkałam",3073
4757,"urocze",3071
4758,"przyniesie",3068
4759,"dostajesz",3068
4760,"zwykłym",3067
4761,"reguły",3065
4762,"czytam",3064
4763,"autobusu",3064
4764,"znajdźcie",3063
4765,"legenda",3063
4766,"buddy",3063
4767,"nauczyłeś",3062
4768,"zgodzić",3062
4769,"like",3062
4770,"spalić",3061
4771,"systemy",3061
4772,"drużynie",3061
4773,"wisi",3061
4774,"szukaj",3061
4775,"przeżyje",3061
4776,"zatrzyma",3059
4777,"metra",3057
4778,"dno",3055
4779,"dostałaś",3055
4780,"spróbuje",3053
4781,"rosjanie",3053
4782,"odbiera",3053
4783,"derek",3053
4784,"otwarcie",3052
4785,"ellie",3051
4786,"wyjątkowo",3045
4787,"lud",3045
4788,"przedstawię",3044
4789,"wypuścić",3044
4790,"dnie",3043
4791,"udawaj",3042
4792,"imieniem",3040
4793,"rozmów",3038
4794,"amerykanów",3038
4795,"chuj",3038
4796,"sądziłam",3037
4797,"tracimy",3036
4798,"pasują",3035
4799,"tracę",3035
4800,"shaw",3035
4801,"minie",3034
4802,"musiałaś",3033
4803,"litości",3033
4804,"załatwił",3033
4805,"tracisz",3030
4806,"nielegalne",3029
4807,"prv",3028
4808,"walizkę",3027
4809,"kurczę",3027
4810,"południowej",3027
4811,"twierdzą",3026
4812,"pilota",3026
4813,"dorwać",3021
4814,"sztukę",3021
4815,"niedorzeczne",3019
4816,"zrozumiałam",3017
4817,"stark",3016
4818,"należą",3015
4819,"odwrót",3014
4820,"poszukiwania",3012
4821,"sok",3012
4822,"nerwy",3011
4823,"martwego",3011
4824,"geniuszem",3010
4825,"leżeć",3009
4826,"spadam",3009
4827,"źli",3009
4828,"hasło",3009
4829,"przyjaźń",3008
4830,"europie",3008
4831,"dziadka",3008
4832,"nauczysz",3008
4833,"elliot",3007
4834,"dotrze",3006
4835,"zależało",3006
4836,"największą",3005
4837,"cholerna",3005
4838,"myślimy",3005
4839,"wycieczkę",3005
4840,"dziewczynkę",3005
4841,"dzisiejszy",3004
4842,"Lincoln",3004
4843,"racji",3002
4844,"Diego",3002
4845,"Lewis",3002
4846,"piję",3001
4847,"policjantów",3000
4848,"zabrała",2999
4849,"interesach",2999
4850,"śmieszny",2998
4851,"napewno",2998
4852,"szczury",2998
4853,"radzisz",2998
4854,"prawdziwej",2996
4855,"magazyn",2996
4856,"bla",2996
4857,"światu",2995
4858,"dadzą",2995
4859,"poczułem",2994
4860,"taaa",2993
4861,"hill",2992
4862,"przyjadę",2992
4863,"kuli",2991
4864,"papierosy",2991
4865,"tacie",2990
4866,"otwarty",2989
4867,"sprawi",2989
4868,"martwych",2989
4869,"dziwna",2988
4870,"this",2988
4871,"lubił",2985
4872,"szczęśliwego",2985
4873,"ulubione",2985
4874,"zostaję",2985
4875,"zaczęły",2984
4876,"urodzin",2984
4877,"piper",2984
4878,"ostrzegam",2983
4879,"potężny",2983
4880,"zabójcą",2982
4881,"września",2982
4882,"krótkie",2982
4883,"wybuchnie",2981
4884,"niezłą",2981
4885,"policjanta",2981
4886,"żywcem",2978
4887,"bylo",2977
4888,"kasa",2976
4889,"trafi",2975
4890,"radzi",2973
4891,"zakończenie",2973
4892,"pogodzić",2973
4893,"twierdzisz",2972
4894,"spotkajmy",2971
4895,"kumplem",2971
4896,"najgorszy",2968
4897,"maskę",2967
4898,"uroczy",2966
4899,"zrozumie",2965
4900,"wydał",2965
4901,"czarnym",2965
4902,"garść",2961
4903,"ustach",2961
4904,"jeździ",2960
4905,"dowodu",2959
4906,"zgodę",2959
4907,"zmieniłem",2957
4908,"odległość",2956
4909,"właściwe",2955
4910,"karę",2954
4911,"udziału",2954
4912,"pamiętacie",2954
4913,"ocean",2953
4914,"enterprise",2953
4915,"holly",2953
4916,"poszłam",2950
4917,"prosta",2949
4918,"tyiko",2949
4919,"pomyślę",2948
4920,"wszelki",2948
4921,"zmieniłeś",2948
4922,"przejdziemy",2947
4923,"ratunku",2947
4924,"zrobicie",2947
4925,"pasy",2946
4926,"noszę",2946
4927,"większa",2946
4928,"zakochany",2945
4929,"parkingu",2944
4930,"zeby",2944
4931,"cios",2943
4932,"Scotty",2942
4933,"chodzą",2942
4934,"trening",2940
4935,"nowo",2939
4936,"państwu",2938
4937,"Ripley",2938
4938,"radość",2937
4939,"poznałeś",2936
4940,"wejścia",2936
4941,"umieścić",2934
4942,"chodził",2934
4943,"niebezpieczna",2933
4944,"królestwo",2933
4945,"sposobu",2933
4946,"Ricky",2933
4947,"wywiadu",2933
4948,"pragniesz",2932
4949,"idziecie",2932
4950,"wydarzy",2930
4951,"dym",2930
4952,"idealna",2930
4953,"złapią",2929
4954,"dzwonisz",2929
4955,"obiecał",2928
4956,"samotnie",2928
4957,"tatuaż",2927
4958,"przyniósł",2926
4959,"pecha",2925
4960,"guzik",2924
4961,"grałem",2924
4962,"sprzeciw",2923
4963,"programie",2922
4964,"żołnierzu",2922
4965,"dbam",2921
4966,"wróciłam",2921
4967,"krzesło",2921
4968,"lenny",2921
4969,"klatce",2920
4970,"tożsamość",2920
4971,"niebieskie",2919
4972,"procesu",2919
4973,"bzdur",2918
4974,"świadek",2917
4975,"organizacji",2917
4976,"nogach",2917
4977,"dzisiejszego",2916
4978,"częściej",2915
4979,"białych",2915
4980,"zajął",2915
4981,"pewnych",2915
4982,"przeciwnie",2914
4983,"davida",2914
4984,"głośniej",2914
4985,"wzywa",2914
4986,"wyobrażam",2914
4987,"lepszą",2913
4988,"czarnego",2913
4989,"waż",2913
4990,"banda",2912
4991,"zostawisz",2911
4992,"nisko",2911
4993,"chleb",2910
4994,"wyjaśnia",2909
4995,"ooh",2909
4996,"dzielić",2908
4997,"dotrzemy",2907
4998,"diabeł",2904
4999,"ćwiczenia",2904
5000,"użył",2903